/*
 Navicat Premium Data Transfer

 Source Server         : 180.76.56.118
 Source Server Type    : MySQL
 Source Server Version : 50725
 Source Host           : 180.76.56.118:3306
 Source Schema         : news_website

 Target Server Type    : MySQL
 Target Server Version : 50725
 File Encoding         : 65001

 Date: 24/11/2022 20:32:59
*/

SET NAMES utf8mb4;
SET FOREIGN_KEY_CHECKS = 0;

-- ----------------------------
-- Table structure for admin_information
-- ----------------------------
DROP TABLE IF EXISTS `admin_information`;
CREATE TABLE `admin_information`  (
  `id` int(10) UNSIGNED NOT NULL AUTO_INCREMENT COMMENT '自增主键',
  `username` varchar(20) CHARACTER SET utf8 COLLATE utf8_general_ci NOT NULL COMMENT '账号',
  `password` varchar(50) CHARACTER SET utf8 COLLATE utf8_general_ci NOT NULL COMMENT '密码',
  `role` int(11) UNSIGNED NULL DEFAULT 0 COMMENT '角色',
  `create_time` datetime NOT NULL DEFAULT CURRENT_TIMESTAMP COMMENT '创建时间',
  `update_time` datetime NOT NULL DEFAULT CURRENT_TIMESTAMP ON UPDATE CURRENT_TIMESTAMP COMMENT '修改时间',
  PRIMARY KEY (`id`) USING BTREE,
  UNIQUE INDEX `uk_username`(`username`) USING BTREE
) ENGINE = InnoDB AUTO_INCREMENT = 7 CHARACTER SET = utf8 COLLATE = utf8_general_ci ROW_FORMAT = Dynamic;

-- ----------------------------
-- Records of admin_information
-- ----------------------------
INSERT INTO `admin_information` VALUES (1, '123', '9c3b5c0672cd599ccf1019bddaa8089b', 1, '2022-01-23 17:05:19', '2022-01-23 22:14:40');
INSERT INTO `admin_information` VALUES (2, 'xmp', 'a2a0d76e946103a52b9a52b9cb08a439', 0, '2022-11-20 10:05:34', '2022-11-20 10:05:34');
INSERT INTO `admin_information` VALUES (3, 'lzj', '697de22b72d5d15cadc5078092bf68a6', 0, '2022-11-20 10:05:48', '2022-11-20 10:05:48');
INSERT INTO `admin_information` VALUES (4, 'zq', 'b70ca5a20919fe7e4dc405a8c978413b', 0, '2022-11-20 10:05:54', '2022-11-20 10:05:54');
INSERT INTO `admin_information` VALUES (5, 'mzw', '5b20c87999b5bbbd9b5640110ab3b8a5', 0, '2022-11-20 10:06:02', '2022-11-20 10:06:02');
INSERT INTO `admin_information` VALUES (6, 'hwy', '248280fcda79c4eb6689971a6661cee9', 0, '2022-11-20 10:06:09', '2022-11-20 10:06:09');

-- ----------------------------
-- Table structure for information
-- ----------------------------
DROP TABLE IF EXISTS `information`;
CREATE TABLE `information`  (
  `id` int(11) NOT NULL AUTO_INCREMENT COMMENT '序号',
  `duty` varchar(20) CHARACTER SET utf8mb4 COLLATE utf8mb4_general_ci NOT NULL COMMENT '职责',
  `name` varchar(20) CHARACTER SET utf8mb4 COLLATE utf8mb4_general_ci NOT NULL COMMENT '姓名',
  `phone` varchar(11) CHARACTER SET utf8mb4 COLLATE utf8mb4_general_ci NOT NULL COMMENT '联系方式',
  `email` varchar(20) CHARACTER SET utf8mb4 COLLATE utf8mb4_general_ci NOT NULL COMMENT '邮箱',
  `create_time` datetime NOT NULL COMMENT '创建时间',
  `update_time` datetime NULL DEFAULT NULL ON UPDATE CURRENT_TIMESTAMP COMMENT '修改时间',
  PRIMARY KEY (`id`) USING BTREE
) ENGINE = InnoDB AUTO_INCREMENT = 7 CHARACTER SET = utf8mb4 COLLATE = utf8mb4_general_ci COMMENT = '`xdstar`' ROW_FORMAT = DYNAMIC;

-- ----------------------------
-- Records of information
-- ----------------------------
INSERT INTO `information` VALUES (1, '院 长 ', '陈自力', '18888888888', 'sqgxy6205@sina.cn', '2022-11-23 00:00:00', '2022-11-24 14:27:31');
INSERT INTO `information` VALUES (2, '书 记 ', '张广勇', '18888888888', 'sqgxy6205@sina.cn', '2022-11-23 00:00:00', '2022-11-24 14:31:28');
INSERT INTO `information` VALUES (3, '负责人', '李海芳', '17737042171', '1150531654@qq.com', '2022-11-23 00:00:00', '2022-11-24 14:38:27');
INSERT INTO `information` VALUES (6, '管理', 'Admin', '18838583135', '30506088772@qq.com', '2022-11-24 18:04:15', NULL);

-- ----------------------------
-- Table structure for news
-- ----------------------------
DROP TABLE IF EXISTS `news`;
CREATE TABLE `news`  (
  `id` int(10) UNSIGNED NOT NULL AUTO_INCREMENT COMMENT '自增主键',
  `picture_path` varchar(60) CHARACTER SET utf8 COLLATE utf8_general_ci NULL DEFAULT NULL COMMENT '图片',
  `title` varchar(100) CHARACTER SET utf8 COLLATE utf8_general_ci NOT NULL COMMENT '标题',
  `release_time` date NOT NULL COMMENT '发布时间',
  `hits` bigint(20) NOT NULL DEFAULT 0 COMMENT '点击率',
  `content` text CHARACTER SET utf8 COLLATE utf8_general_ci NOT NULL COMMENT '内容',
  `news_category_id` int(10) UNSIGNED NOT NULL COMMENT '文章类别id',
  `create_time` datetime NOT NULL DEFAULT CURRENT_TIMESTAMP COMMENT '创建时间',
  `update_time` datetime NOT NULL DEFAULT CURRENT_TIMESTAMP ON UPDATE CURRENT_TIMESTAMP COMMENT '修改时间',
  PRIMARY KEY (`id`) USING BTREE,
  INDEX `idx_news_category_id`(`news_category_id`) USING BTREE,
  INDEX `idx_title`(`title`) USING BTREE
) ENGINE = InnoDB AUTO_INCREMENT = 72 CHARACTER SET = utf8 COLLATE = utf8_general_ci ROW_FORMAT = Dynamic;

-- ----------------------------
-- Records of news
-- ----------------------------
INSERT INTO `news` VALUES (1, 'images\\3804d0d3-7fb4-4023-a76e-4abe89f4ec3f.png', '商丘工学院组织收看党的二十大开幕会', '2022-11-22', 7, '<h3 class=\"ql-align-center\">商丘工学院组织收看党的二十大开幕会</h3><p class=\"ql-align-center\"><span style=\"background-color: rgb(255, 255, 255); color: rgb(51, 51, 51);\">Www.Sqgxy.edu.cn&nbsp;&nbsp;&nbsp;&nbsp;&nbsp;&nbsp;&nbsp;发布时间：2022年10月16日</span></p><p>	<span style=\"background-color: rgb(255, 255, 255); color: rgb(51, 51, 51);\">10月16日上午，中国共产党第二十次全国代表大会开幕会在北京人民大会堂隆重召开，习近平总书记代表第十九届中央委员会向大会作报告。我校在科苑西一楼报告厅组织全体校领导、党委委员、纪委委员，各职能处室副处级以上党员干部，教师代表集中收听收看了党的二十大开幕会，各二级学院在各学院会议室、报告厅组织了集中收看，全校师生利用电视、网络等多种形式自发收看了大会盛况。</span></p><p>	<span style=\"background-color: rgb(255, 255, 255); color: rgb(51, 51, 51);\">开幕会结束后，广大党员干部和师生对党的二十大胜利召开反响热烈。纷纷表示要自觉把思想和行动统一到党的二十大精神上来，高举中国特色社会主义伟大旗帜，全面贯彻习近平新时代中国特色社会主义思想，弘扬伟大建党精神，自信自强、守正创新，踔厉奋发、勇毅前行，为全面建设社会主义现代化国家、全面推进中华民族伟大复兴而团结奋斗。</span>	</p><p>	<span style=\"background-color: rgb(255, 255, 255); color: rgb(51, 51, 51);\">&nbsp;&nbsp;&nbsp;&nbsp;&nbsp;党委书记陈中亚表示，习近平总书记的报告内涵丰富、思想深邃、举旗定向、鼓舞人心、催人奋进，蕴含巨大真理，具有里程碑意义。习近平总书记在二十大报告中指出，我们要办好人民满意的教育，全面贯彻党的教育方针，落实立德树人根本任务，培养德智体美劳全面发展的社会主义建设者和接班人，加快建设高质量教育体系，发展素质教育，促进教育公平。为做好新时代教育工作提供了根本遵循。我倍受鼓舞，感到责任重大，商丘工学院党委坚决扛起管党治党主体责任，坚持学习宣传党的二十大精神，把广大师生员工的思想统一到党的二十大精神上来，按照习近平总书记的要求，全面贯彻党的教育方针，始终坚持中国特色社会主义办学方向，遵循高等教育发展规律，紧紧围绕国家发展战略和地方经济发展需求，以立德树人为根本，以学科专业建设为龙头，以质量提升为核心，以改革创新为动力，不断实现学校创新发展、特色发展、内涵发展，培养德智体美劳全面发展的社会主义建设者和接班人，奋力谱写商丘工学院特色发展的华美篇章。</span>	</p><p>	<span style=\"background-color: rgb(255, 255, 255); color: rgb(51, 51, 51);\">&nbsp;&nbsp;&nbsp;&nbsp;&nbsp;校长丁艳红说，党的十八大以来，商丘工学院在党的建设、教育教学改革、服务区域经济社会发展、现代大学治理体系和治理能力现代化建设等方面取得了令人满意的成绩。习近平总书记在二十大报告中强调，必须坚持科技是第一生产力、人才是第一资源、创新是第一动力，深入实施科教兴国战略、人才强国战略、创新驱动发展战略，坚持教育优先发展、科技自立自强、人才引领驱动，加快建设教育强国、科技强国、人才强国，坚持为党育人、为国育才，全面提高人才自主培养质量，办好人民满意的教育。习近平总书记的报告为我们今后持续贯彻党的教育方针、落实立德树人根本任务、办人民满意的教育、创建特色鲜明的应用型大学，注入了不竭动力，指明了前进的方向。</span>	</p><p>	<span style=\"background-color: rgb(255, 255, 255); color: rgb(51, 51, 51);\">&nbsp;&nbsp;&nbsp;&nbsp;党委委员、党委宣传部部长王保起表示，作为一名教育工作者，我最关注的是二十大报告中关于教育的成就和展望。习近平总书记的报告首先回顾了党的十八大以来教育方面取得的历史性成就：教育普及水平实现历史性跨越；教育服务能力稳步提升；教育改革持续推进；教育体系进一步完善。习近平强调，要坚持教育优先发展，加快建设教育强国，坚持为党育人、为国育才，办好人民满意的教育。坚持以人民为中心发展教育，加快建设高质量教育体系，发展素质教育，促进教育公平等，为我们做好学校教育事业改革发展提供了精神指引和奋斗目标，学习好、贯彻好、落实好党的二十大精神，对办好新时代人民满意的应用型大学具有深远的历史意义。</span>	</p><p>	<span style=\"background-color: rgb(255, 255, 255); color: rgb(51, 51, 51);\">党委委员、党委组织部副部长刘龙说，展望二十大擘画的中国式现代化发展蓝图，尤其是建设教育强国、科技强国、人才强国的战略目标，令人更加振奋、也倍感责任重大。蓝图和目标变为现实需要全国各族人民脚踏实地的奋斗。我们教育工作者只要坚持中国共产党的领导，以习近平新时代中国特色社会主义思想为指导，兢兢业业为党育人、为国育才，就能为党和国家的发展蓝图增添光彩的一笔。</span>	</p><p>	<span style=\"background-color: rgb(255, 255, 255); color: rgb(51, 51, 51);\">&nbsp;&nbsp;&nbsp;&nbsp;纪委委员、纪委副书记杨娜表示，习近平总书记所作的二十大报告，大气磅礴，内涵丰富，浓缩了十年来中国共产党治国理政的经验和启示，描绘了从现在到本世纪中叶的宏伟蓝图，我感受到了中国发展最强劲的脉搏，备受鼓舞。报告指出：要办好人民满意的教育，全面贯彻党的教育方针，落实立德树人根本任务，培养德智体美劳全面发展的社会主义建设者和接班人。作为一名教育工作者，我要认真学习领会践行二十大精神，要以坚定的理想、饱满的热情、创新的思维、敬业的精神，以德树人、以才育人，以“忠诚不倦、业务精湛、挚爱学生、率先垂范”的师德规范，培养好德才兼备的社会主义建设者和接班人，以实际行动为实现中华民族伟大复兴中国梦而不懈奋斗。</span>	</p><p>	<span style=\"background-color: rgb(255, 255, 255); color: rgb(51, 51, 51);\">&nbsp;&nbsp;&nbsp;&nbsp;&nbsp;马克思主义学院专职教师范秋贵副教授有感而发，作为高校一线思政课教师，我的感受是这十年以来，思政课程设置更加规范了，教师队伍扩大了，老师们的工作热情和底气更足了，同学们对思政课的评价更高了，获得感更多了。习近平总书记在二十大报告中强调：不断开创马克思主义中国化时代化新境界，马克思主义是我们立党立国、兴党兴国的根本指导思想，中国共产党为什么能、中国特色社会主义为什么好，归根结底是因为马克思主义行，是中国化时代化的马克思主义行。二十大报告还强调，实践没有止境，理论创新没有止境，不断谱写马克思主义中国化时代化新篇章，是共产党人的庄严历史使命。这些论断对于高校思政课教师的工作既是科学指导，也是鞭策鼓舞。</span>	</p><p>	<span style=\"background-color: rgb(255, 255, 255); color: rgb(51, 51, 51);\">&nbsp;&nbsp;&nbsp;&nbsp;&nbsp;医学院19级助产学2班仝旭琳同学说，身为新时代青年的我们，历史的笔握在我们手中，时代的责任落在我们的肩上，站在崭新的历史节点，吾辈青年当以梦为马，不负韶华，当心怀鸿鹄之志，牢记百年初心，以身许国，志存高远。愿以寸心寄华夏，且将岁月赠山河。让青春在全面建设社会主义现代化国家的火热实践中绽放绚丽之花！用青春之我，兴奋进之党，绘壮丽之国！愿以吾辈之青春，捍卫中华之荣耀！</span>	</p><p>	<span style=\"background-color: rgb(255, 255, 255); color: rgb(51, 51, 51);\">经济与管理学院20本会计学2班程实同学表示，当前，世界百年未有之大变局加速演进，世界之变、时代之变、历史之变的特征更加明显。作为新时代的中共党员，我们应志存高远、忠于党、忠于祖国，努力做新时代具有远大理想和坚定信念的爱国者。应敢于担当、勇于奋斗，与同学携手并进。“请党放心”不仅仅是一句口号，更是一份承诺，一份责任。在风华正茂的年纪，我们要接过历史接力棒，勇于探索，不懈追求，将一腔青春热血熔铸于中华民族伟大复兴的新征程中，助力东方巨龙之腾飞！</span></p><p class=\"ql-align-center\"><img src=\"http://localhost:7070/images\\3915084b-f521-4b92-81ed-a096cfbff218.png\"></p><p class=\"ql-align-right\"><span style=\"background-color: rgb(255, 255, 255); color: rgb(51, 51, 51);\">（文/潘锐&nbsp;&nbsp;&nbsp;图/陈红梅&nbsp;一审/马学迁&nbsp;&nbsp;二审/陈红梅&nbsp;&nbsp;三审/王保起）</span></p>', 16, '2022-11-22 10:35:01', '2022-11-22 14:31:00');
INSERT INTO `news` VALUES (7, NULL, '信息与电子工程学院召开企业线上招聘宣讲会', '2022-11-22', 3, '<p class=\"ql-align-center\">	www.sqgxy.edu.cn&nbsp;&nbsp;&nbsp;信息与电子工程学院</p><p class=\"ql-align-center\">		<img src=\"http://www.sqgxy.edu.cn/UploadFiles/2022-11/49/16689951633870145.jpg\" alt=\"fe43f57f56267fecfe0063ebdcb7718_副本.jpg\"></p><p>	11月17日，信息与电子工程学院企业线上招聘宣讲会在育苑7A207室召开。会议由新开普公司主讲，2023届毕业生积极参加。</p><p>	宣讲会前，新开普公司向同学们播放短视频宣传片，充分展现了新开普公司的经营理念、办公环境和员工活动。随后，新开普公司围绕企业文化、业务领域、薪酬福利、岗位及人才需求、大学生实习及考核机制、晋升发展途径、应聘流程等方面进行了详细的介绍。在交流环节，同学们就工作时间、地点及福利待遇等关心的问题进行提问，新开普公司人力资源部进行了详细解答，并热情地欢迎同学们加入。</p><p>	此次招聘会不仅为2023届毕业生提供了优良的就业机会，又搭建了企业与毕业生直接交流的服务平台，让学生能够深入的了解企业的需求，有针对性地选择工作岗位，同时，也为学生提供更多与社会接触的机会，进一步增强在校学生的求职能力和职业规划意识。</p><p class=\"ql-align-right\">	（文图/张力升 审核/张广勇）</p><p><br></p>', 15, '2022-11-22 12:26:35', '2022-11-22 15:21:24');
INSERT INTO `news` VALUES (8, NULL, '信息与电子工程学院举行消防应急疏散演练', '2022-11-22', 3, '<p class=\"ql-align-center\">	www.sqgxy.edu.cn&nbsp;&nbsp;&nbsp;信息与电子工程学院</p><p class=\"ql-align-center\">		<img src=\"http://www.sqgxy.edu.cn/UploadFiles/2022-11/49/16684127783038892.jpg\" alt=\"原图(5)_副本.jpg\"></p><p>	为进一步加强学院安全工作，增强师生的消防安全知识，提高师生的紧急疏散能力，切实保障师生在突发事件来临时的生命安全。11月13日晚上，信息与电子工程学院以“119消防宣传月”为契机，在育苑举行消防安全应急疏散演练。</p><p class=\"ql-align-center\">	<img src=\"http://www.sqgxy.edu.cn/UploadFiles/2022-11/49/16684127631466748.jpg\" alt=\"原图 (1)_副本.jpg\"></p><p class=\"ql-align-center\">	<img src=\"http://www.sqgxy.edu.cn/UploadFiles/2022-11/49/16684127407201338.jpg\"></p><p>	演练开始前，各班辅导员给同学们介绍逃生注意事项和方法，19点45分，伴随着响起的哨声和烟雾，消防疏散演练活动正式开始。各楼层值守辅导员指挥所在楼层的学生按照既定路线进行疏散。全体学生在辅导员和学生干部的引导下，弯着腰，猫着步，捂住口鼻，迅速从学院指定疏散演练通道，有序撤离到科苑广场指定位置。整个过程安全有序、行动快速，配合默契，达到了预期效果。</p><p>	通过本次消防演练，提升了疏散引导队伍的工作能力，增强了学生们的消防安全意识，构筑了一道安全“防火墙”。</p><p class=\"ql-align-right\">	（文/时文侠&nbsp;图/记者站&nbsp;审核/郑超磊）</p><p>		</p><p><br></p>', 15, '2022-11-22 12:28:22', '2022-11-22 21:54:50');
INSERT INTO `news` VALUES (9, NULL, '信息与电子工程学院开展安全隐患排查工作', '2022-11-22', 3, '<p class=\"ql-align-center\">	www.sqgxy.edu.cn&nbsp;&nbsp;&nbsp;&nbsp;信息与电子工程学院</p><p class=\"ql-align-center\">		<img src=\"http://www.sqgxy.edu.cn/UploadFiles/2022-11/49/16684101624497877.jpg\"></p><p class=\"ql-align-center\">	<img src=\"http://www.sqgxy.edu.cn/UploadFiles/2022-11/49/16684101623963392.jpg\"></p><p>	为进一步做好安全工作，11月12日，信息与电子工程学院党总支副书记郑超磊带领辅导员、学生代表对学院教学区域进行安全隐患排查。本次安全排查工作目的在于排查存在的安全隐患，及时尽早整改，防患未然，保证师生生命、财产安全。</p><p>	本着查找问题、解决问题、消除隐患的原则，对学院教学设施、消防设施、卫生、水电、公共区域等区域进行全面、认真、细致检查，做到不漏一处隐患，不漏一处死角。对检查出来的安全隐患问题，建立台账，及时采取措施，进行整改，不能整改的登记在册上报学校有关部门。</p><p>	通过本次安全排查，消除了部分安全隐患，进一步加强了学院的安全管理意识，为学院营造了安全稳定的工作和学习环境。</p><p class=\"ql-align-right\">	（文/图&nbsp;时文侠 审核/郑超磊）</p><p><br></p>', 15, '2022-11-22 12:29:45', '2022-11-22 15:23:02');
INSERT INTO `news` VALUES (10, NULL, '信息与电子工程学院召开“119消防宣传月”应急疏散演练部署会', '2022-11-22', 2, '<p class=\"ql-align-center\">	www.sqgxy.edu.cn&nbsp;&nbsp;&nbsp;&nbsp;信息与电子工程学院</p><p class=\"ql-align-center\">		<img src=\"http://www.sqgxy.edu.cn/UploadFiles/2022-11/49/16684100207798445.jpg\" alt=\"原图 (2)_副本.jpg\"></p><p>	为更好地贯彻落实和大力宣传2022年“119消防宣传月” 活动，增强全体师生消防安全意识和紧急逃生能力，11月11日下午，信息与电子工程学院在归德书院召开“119消防宣传月”应急疏散演练部署会。党总支书记张广勇，党总支副书记郑超磊、分团委书记韩雪松，全体辅导员参加此次会议。 会议由分团委书记韩雪松主持。</p><p>	会上，党总支书记张广勇强调，冬季是火灾高发季，预防火灾发生、增强师生员工自救意识至关重要。本次消防应急疏散演练是为预防冬季火灾的发生，提高师生的紧急逃生能力，加强学院安全工作，更好地保护学院财产和师生的人身安全。</p><p>	接着，党总支副书记郑超磊对消防应急疏散演练事宜进行部署，详细解读本次消防演练活动预案，确定各个楼层消防疏散引导员。此外，他对需要注意的事项进行了说明，希望大家在演练中做到“统一指挥，分组实施，各司其职，保持联络”。</p><p>	最后，张书记在总结讲话中强调，辅导员需积极落实消防安全主体责任，全在落细、落小、落实上下功夫。要提高消防演练的针对性和有效性，以普及防火、灭火、应急疏散逃生常识等内容为重点。夯实消防工作基础，通过消防演习，提升学生安全防范意识，强化学生应急处置能力。</p><p class=\"ql-align-right\">	（文/时文侠 图/鹿利秋 审核/郑超磊）</p><p>		</p><p><br></p>', 15, '2022-11-22 12:30:43', '2022-11-23 14:10:24');
INSERT INTO `news` VALUES (11, NULL, '信息与电子工程学院召开消防安全知识培训会', '2022-11-22', 2, '<p class=\"ql-align-center\">	www.sqgxy.edu.cn&nbsp;&nbsp;&nbsp;&nbsp;信息与电子工程学院</p><p class=\"ql-align-center\">		<img src=\"http://www.sqgxy.edu.cn/UploadFiles/2022-11/49/16684095697915861.jpg\" alt=\"原图 (1)_副本.jpg\"></p><p>	为提高学生的消防安全意识，防范火灾等安全事故发生，切实将我院的消防安全工作落到实处，11月10日晚，信息与电子工程学院班级安全信息员消防安全知识培训会在育苑7A211召开。辅导员时文侠老师、李虎老师及班级安全信息员参加本次培训会。</p><p>	会上，李虎老师利用PPT从高校火灾案例入手，就学生宿舍、教室、实验室火灾的特点、初起火灾的扑救、消防器材的使用、火灾逃生技能等方面分别进行讲解。培训内容图文并茂，通俗易懂，具有较强的针对性、指导性和实用性，以案说法引入教学，为大家上了一堂生动的安全教育课。</p><p>	接着，时文侠老师讲到，召开此次消防安全培训会，体现学院对校园防火工作的高度重视。冬季是火灾事故的高发期，希望各班级安全信息员要认真学习，并向班级学生传达此次培训会的内容。在日常生活中，要认真落实“三禁、三查”工作，掌握消防“四会”能力，压实压紧安全责任，全面普及火灾防范常识，不断增强学生的消防安全意识，确保学院火灾事故零发生。</p><p>	通过此次消防安全知识培训，有效提高我院学生的消防安全意识和逃生自救能力，为创造和谐、稳定、平安的安全环境打下了坚实基础。</p><p class=\"ql-align-right\">	（文/图 时文侠&nbsp;审核/郑超磊）</p><p><br></p>', 15, '2022-11-22 12:31:30', '2022-11-22 12:32:18');
INSERT INTO `news` VALUES (12, NULL, '信息与电子工程学院师生参观商丘工学院全国绘画名家邀请展', '2022-11-22', 0, '<p class=\"ql-align-center\">	www.sqgxy.edu.cn&nbsp;&nbsp;&nbsp;信息与电子工程学院</p><p class=\"ql-align-center\">		<img src=\"http://www.sqgxy.edu.cn/UploadFiles/2022-11/49/16683961711732343.jpg\" alt=\"f4d0b18d1a5dec352b653e84738b67b_副本.jpg\"></p><p>	为培养学生爱校、荣校情怀，增强学生文化自信及艺术鉴赏能力，11月10日下午，信息与电子工程学院组织师生共同参观我校美术馆，学院学生代表参加此次活动。</p><p class=\"ql-align-center\">	<img src=\"http://www.sqgxy.edu.cn/UploadFiles/2022-11/49/16683961866601896.jpg\"></p><p class=\"ql-align-center\">	<img src=\"http://www.sqgxy.edu.cn/UploadFiles/2022-11/49/16683961869432524.jpg\"></p><p>	师生走进图书馆，感受着一幅幅书画作品带来的强大视觉冲击，眼神中充满着惊喜与兴奋，脸上洋溢着幸福和喜悦。美术馆馆内展有多位著名画家百余幅作品，有实景拍摄、亦有素描、国画、油画、水墨画等多种形式。参观过程中，学生们之间相互交流学习，共同分享自己对艺术的感悟与体会，对艺术有了一次更加全面、深刻的理解。艺术源于我们的生活，讲述着我们既要热爱生活，又要描绘着我们对未来美好明天的向往。一幅幅作品的背后是无数热爱艺术的人努力的心血，它带给学生们的不仅仅是短暂的美的享受，更多的是对生活的理解与思考。</p><p>	通过此次参观活动，使同学深入领略到了艺术带给我们的独特魅力，提升了学生们鉴赏新事物的能力，丰富了学生们的校内文化生活，为培育德智体美劳全面发展的时代新人。</p><p class=\"ql-align-right\">	（文/肖珍 图/记者站 审核/张广勇）</p><p><br></p>', 15, '2022-11-22 12:32:16', '2022-11-22 12:32:16');
INSERT INTO `news` VALUES (13, NULL, '信息与电子工程学院开展“七号舍友”活动', '2022-11-22', 5, '<p class=\"ql-align-center\">	www.sqgxy.edu.cn&nbsp;&nbsp;&nbsp;&nbsp;信息与电子工程学院</p><p class=\"ql-align-center\">		<img src=\"http://www.sqgxy.edu.cn/UploadFiles/2022-11/49/16689973653486448.jpg\"></p><p class=\"ql-align-center\">	<img src=\"http://www.sqgxy.edu.cn/UploadFiles/2022-11/49/16689973695518232.jpg\"></p><p class=\"ql-align-center\">	<img src=\"http://www.sqgxy.edu.cn/UploadFiles/2022-11/49/16689973724686567.jpg\"></p><p>	为充分发挥我院学生党员先锋模范带头作用，打通学生思政教育“最后一公里”，切实推进“七号舍友”工作落地实施。近日，信息与电子工程学院开展“七号舍友”活动，本次活动由在校党员、大一新生参与。</p><p>	活动期间，学生党员们深入对接学生宿舍，了解大一新生们的思想动态，倾听同学们在生活、学习、工作中遇见的难题并结合自身实际给予解答。此外，学生党员们指出目前疫情形势依然严峻，强调要注重疫情防控，主动配合学校防控措施。接着，学生党员们从疫情拉开距离，但温暖传递不停角度告诉同学们应及时帮助他人，在校园内主动提醒学生佩戴口罩，扫场所码等，把温暖传递出去，把爱散播出去，营造和谐有爱氛围。最后，学生党员们表示，希望和大家一起共同努力，共同进步，不断提升自身道德素质，营造和谐宿舍氛围，打造安全温馨“五星级”宿舍。</p><p>	本次活动有效增强学生党员责任意识，发挥其模范带头作用，同时为普通学生和学生党员之间架起桥梁，为加强学生思想政治教育，提升思想道德修养，提高思想站位打下坚实基础。</p><p class=\"ql-align-right\">	&nbsp;&nbsp;&nbsp;&nbsp;&nbsp;&nbsp;&nbsp;&nbsp;&nbsp;&nbsp;&nbsp;&nbsp;&nbsp;&nbsp;&nbsp;&nbsp;&nbsp;（文/刘畅 审核/张广勇）</p><p><br></p>', 14, '2022-11-22 12:33:14', '2022-11-23 14:07:23');
INSERT INTO `news` VALUES (14, NULL, '信息与电子工程学院举行“学习二十大精神”观影活动', '2022-11-22', 11, '<p class=\"ql-align-center\">	www.sqgxy.edu.cn&nbsp;&nbsp;&nbsp;&nbsp;信息与电子工程学院</p><p class=\"ql-align-center\">		<img src=\"http://www.sqgxy.edu.cn/UploadFiles/2022-11/49/16689952634061033.jpg\" alt=\"p图1.jpg\"></p><p class=\"ql-align-center\">	<img src=\"http://www.sqgxy.edu.cn/UploadFiles/2022-11/49/16689952315527570.jpg\" alt=\"p图2.jpg\"></p><p>	为深入学习宣传贯彻党的二十大精神，切实做好青年党史学习教育。11月18日晚，信息与电子工程学院于育苑7B312举行“学习宣传贯彻党的二十大精神”观影活动。活动由记者站站长朱晓岚主持，记者站全体成员参加。</p><p>	观影前，朱晓岚领学了党的二十大报告。她在领学中表示，习近平总书记的讲话饱含着党中央对青年一代的亲切关怀和对广大青年学子的殷切期望，愿全体成员不负期望，茁壮成长。观影期间，全体成员都专心致志地观看，仔细聆听，认真思考，切身感悟。</p><p>	通过本次活动，同学们深刻领悟了“两个确立”的决定性意义，要坚定做到“两个维护”，贯彻“六个坚持”，并通过各渠道深入学习党的二十大报告，为全面建设社会主义现代化国家、全面推进中华民族伟大复兴做出贡献。</p><p>		在党的二十大报告会议中，习近平总书记深情寄语青年，“青年强，则国家强。当代中国青年生逢其时，施展才干的舞台无比广阔，实现梦想的前景无比光明。”引起了成员们的热烈反响，大家一致表示，将认真学习贯彻党的二十大精神，坚定不移听党话、跟党走，怀抱梦想脚踏实地，敢想敢为善作善成，立志做有理想、敢担当、能吃苦、肯奋斗的新时代好青年，让青春在全面建设社会主义现代化国家的火热实践中绽放绚丽之花。</p><p class=\"ql-align-right\">	&nbsp;&nbsp;&nbsp;&nbsp;&nbsp;&nbsp;&nbsp;&nbsp;&nbsp;&nbsp;&nbsp;（文/宋树敏 图/记者站 审核/张广勇）</p><p>		</p><p><br></p>', 14, '2022-11-22 12:34:08', '2022-11-23 15:14:39');
INSERT INTO `news` VALUES (15, NULL, '信息与电子工程学院召开心理委员主题班会设计宣讲大赛', '2022-11-22', 4, '<p class=\"ql-align-center\">	www.sqgxy.edu.cn&nbsp;&nbsp;&nbsp;&nbsp;信息与电子工程学院</p><p class=\"ql-align-center\">		<img src=\"http://www.sqgxy.edu.cn/UploadFiles/2022-11/49/16683963522973936.jpg\" alt=\"修图.jpg\"></p><p>	   为进一步普及心理健康知识，提高大学生的心理素质，促进大学生的身心健康和谐发展。11月10日，信息与电子工程学院在育苑7B312会议室召开心理委员主题班会设计宣讲大赛学院初赛。此次班会由心理站副站长唐雨情主持，心理辅导站代表参加。</p><p>	   活动伊始，心理辅导站副站长唐雨情强调举办此次初赛的重要性和必要性。她指出，此次比赛在宣传心理健康理念，普及心理健康知识的同时探讨班级心理健康教育工作的新理念新方法。接着，唐雨情和心理辅导站学生一起对各班心理委员提交的班会策划书以及班会录像进行评审。最后，评选出3名心理委员参加学院联谊决赛。唐雨情要求心理委员充分认清班级心理健康教育工作的重要性，做好班级心理宣传。</p><p>	   通过此次活动，使学院心理队伍对心理健康教育工作有了更全面深刻的认识，进一步推动我院扎实做好学生心理健康教育工作，提高心理健康教育工作成效，增强学生心理健康素质。</p><p class=\"ql-align-right\">	（文/图 唐雨情 审核/张广勇）</p><p><br></p>', 14, '2022-11-22 12:35:13', '2022-11-23 13:54:57');
INSERT INTO `news` VALUES (16, NULL, '信息与电子工程学院开展党员志愿服务活动', '2022-11-22', 1, '<p class=\"ql-align-center\">	www.sqgxy.edu.cn&nbsp;&nbsp;&nbsp;&nbsp;信息与电子工程学院</p><p class=\"ql-align-center\">		<img src=\"http://www.sqgxy.edu.cn/UploadFiles/2022-11/49/16683958691530881.jpg\"></p><p class=\"ql-align-center\">	<img src=\"http://www.sqgxy.edu.cn/UploadFiles/2022-11/49/16683958697726622.jpg\"></p><p class=\"ql-align-center\">	<img src=\"http://www.sqgxy.edu.cn/UploadFiles/2022-11/49/16683958694895994.jpg\"></p><p class=\"ql-align-center\">	<img src=\"http://www.sqgxy.edu.cn/UploadFiles/2022-11/49/16683958701862256.jpg\"></p><p class=\"ql-align-center\">	<img src=\"http://www.sqgxy.edu.cn/UploadFiles/2022-11/49/16683958708031630.jpg\"></p><p>	为响应“共筑疫情防线，争当先锋模范”的号召，做好疫情防控工作，巩固我校疫情防控成果，保障我校师生安全与健康。11月10日，信息与电子工程学院开展“共筑疫情防线，争当先锋模范”活动。本次活动由信息与电子工程学院党建助理站组织，在校党员同志参加。</p><p>	活动伊始，各位党员同志提前到达指定位置，菜鸟驿站、图书馆、医务室等地点处处活跃着“志愿红”的身影。志愿者们以轮流值班的方式坚守岗位，提醒学生们在校园内佩戴好口罩，进入各场所自觉扫场所码，并在相应场所及时做好消毒工作。志愿者同志们以奉献诠释信念、以行动彰显忠诚、以初心担当使命，充分展现青年志愿者勇挑重担、乐于奉献的扎实作风和朝气蓬勃、吃苦耐劳的精神面貌，以己之力为我校疫情防控工作做出贡献。</p><p>	通过本次活动，增强了党员同志的社会责任感，用实际行动展现出当代青年的责任与担当，为全校筑牢疫情防控防线贡献“青春力量”，让青春在疫情阻击战中闪闪发光！</p><p class=\"ql-align-right\">	（文/吴敬佩 图/党建助理站 审核/张广勇）</p><p><br></p>', 14, '2022-11-22 12:36:39', '2022-11-22 12:36:43');
INSERT INTO `news` VALUES (17, NULL, '信息与电子工程学院各班级召开优秀笔记动员会', '2022-11-22', 3, '<p class=\"ql-align-center\">	www.sqgxy.edu.cn&nbsp;&nbsp;&nbsp;&nbsp;信息与电子工程学院</p><p class=\"ql-align-center\">		<img src=\"http://www.sqgxy.edu.cn/UploadFiles/2022-11/49/16678916908472456.jpg\"></p><p class=\"ql-align-center\">	<img src=\"http://www.sqgxy.edu.cn/UploadFiles/2022-11/49/16678916905641828.jpg\"></p><p class=\"ql-align-center\">	<img src=\"http://www.sqgxy.edu.cn/UploadFiles/2022-11/49/16678916905080976.jpg\"></p><p class=\"ql-align-center\">	<img src=\"http://www.sqgxy.edu.cn/UploadFiles/2022-11/49/16678916902197614.jpg\"></p><p>	为提升学生的学习效率，端正学生学习态度，营造良好的学习氛围，11月6日晚自习，信息与电子工程学院2022-2022学年第一学期“优秀学习笔记”评选活动动员会在各班级召开。</p><p>	&nbsp;班会伊始，各班级学习委员宣读《商丘工学院关于开展2022-2023学年第一学期“优秀学习笔记”评选活动的通知》。分别从评选标准、参赛人员、评选活动流程、奖项设置、相关要求等方面对此次活动进行详细讲解。随后为大家指出记录笔记的重要性，要求大家养成随堂记笔记的好习惯，提高自身笔记质量。最后鼓励同学们积极参加“优秀笔记”评选活动，既能够养成学习的良好习惯，也能向更多同学展示自己的笔记风貌。</p><p>	本次动员会的召开，在班级内营造了良好氛围，引导学生正确认识和记录学习笔记，有力地加强了学院的学风建设。</p><p class=\"ql-align-right\">	（文/王潇 图/各班级 审核/张广勇）</p><p>		</p><p><br></p>', 14, '2022-11-22 12:37:30', '2022-11-22 15:22:41');
INSERT INTO `news` VALUES (18, NULL, '信息与电子工程学院开展爱心就餐、爱心陪餐餐券发放仪式', '2022-11-22', 1, '<p class=\"ql-align-center\">	www.sqgxy.edu.cn&nbsp;&nbsp;&nbsp;&nbsp;信息与电子工程学院</p><p class=\"ql-align-center\">		<img src=\"http://www.sqgxy.edu.cn/UploadFiles/2022-11/49/16678906861692380.jpg\" alt=\"原图1_副本.jpg\"></p><p>	为让更多的家庭经济困难学生享受到学校的温暖，体现学校人文关怀，积极发挥资助育人功能。11月4日，信息与电子工程学院于归德书院会议室开展2022年爱心就餐、爱心陪餐餐券发放仪式，党总支书记张广勇、党总支副书记郑超磊、学管秘书兼分团委书记韩雪松、全体辅导员及学生代表参加本次仪式。&nbsp;</p><p>	会议伊始，李静老师宣读了商丘工学院《关于开展2022年家庭经济困难学生爱心就餐活动的通知》（商工行〔2022〕357号）的内容，从活动类别、活动形式和比例、活动流程与要求进行详细解读。接着，受助学生代表依次上台领取爱心就餐、爱心陪餐餐券。最后，党总支书记张广勇指出，一张爱心餐券，无限温暖爱心。希望同学们能够珍惜学习时光，把学校、国家给我们的关爱转化为学习动力。同时，我们作为新时代青年大学生，应该常怀感恩之心，学会奉献，响应时代的召唤，扬起青春的风帆，以满腔的热情，去开拓、去创造，去拥抱无穷的希望。</p><p class=\"ql-align-center\">	<img src=\"http://www.sqgxy.edu.cn/UploadFiles/2022-11/49/16678907025573850.jpg\" alt=\"原图3_副本.jpg\"></p><p>	同学们纷纷表示，“爱心餐券”既暖了胃，又暖了心，更让校园充满了浓浓的“人情味”，为学校的服务和关怀点赞，并表示在今后的学习和生活中一定会怀着感恩之心，自强不息、奋发向上，知恩图报，锐意进取。</p><p class=\"ql-align-right\">	（文/李静 图/王潇 审核/张广勇）</p><p>		</p><p><br></p>', 14, '2022-11-22 12:38:23', '2022-11-22 12:39:04');
INSERT INTO `news` VALUES (19, NULL, '信息与电子工程学院举办第三届“育德杯”思政课学生情景剧决赛', '2022-11-22', 0, '<p class=\"ql-align-center\">	www.sqgxy.edu.cn&nbsp;&nbsp;&nbsp;&nbsp;发布时间：2022年11月07&nbsp;&nbsp;&nbsp;&nbsp;信息与电子工程学院</p><p class=\"ql-align-center\">		<img src=\"http://www.sqgxy.edu.cn/UploadFiles/2022-11/49/16677286782534482.jpg\" alt=\"1_副本.jpg\"></p><p>	为展现青年学子乐观积极、奋发向上、团结友爱的精神风貌，筑牢思想文化阵地，进一步弘扬社会主义核心价值观。11月3日晚，信息与电子工程学院在西区体育馆二楼举办第三届“育德杯”思政课学生情景剧决赛，本次决赛由党总支副书记郑超磊、分团委书记韩雪松、思政课老师李燕南、江晓雨以及辅导员代表克娜娜担任此次比赛评委。</p><p>	本次比赛共有5部作品进入今天的决赛。首先，主持人介绍此次比赛的目的及意义，并宣读评定标准。接着，各小组按照次序依次出场，展现她们的智慧成果。比赛过程中，同学们的表演惟妙惟肖，故事情节的发展扣人心弦，各作品特色鲜明，突出主题又不失趣味，映射出了不同年代的社会背景，展现出每一代人不同风范。最后，党总支副书记郑超磊对本次大赛作点评，他指出，此次大赛充分发挥了思想政治理论课在培育和践行社会主义核心价值观中的主渠道作用，学生通过自主完成剧本创作、节目编排、内容设计、剧目表演，生动演绎故事，融情于景，寓教于剧，将思政课程的教材内容融入到学生的情景剧作品当中，深化了课堂理论教学，提高了学生的实践能力。</p><p>	本次院级决赛充分发挥了学生的主体性，通过生动的展现形式，演绎精彩的故事，提升思政课吸引力和鲜活感，帮助当代大学生坚定理想信念，坚守不忘初心、牢记使命的责任担当。</p><p class=\"ql-align-right\">	&nbsp;&nbsp;&nbsp;&nbsp;&nbsp;&nbsp;&nbsp;&nbsp;&nbsp;&nbsp;&nbsp;（文/李亚丽 图/记者站 审核/张广勇）</p><p><br></p>', 14, '2022-11-22 12:40:57', '2022-11-22 12:40:57');
INSERT INTO `news` VALUES (20, NULL, '信息与电子工程学院召开第三次心理健康研讨会暨心理委员培训会', '2022-11-22', 0, '<p class=\"ql-align-center\">	www.sqgxy.edu.cn&nbsp;&nbsp;&nbsp;&nbsp;信息与电子工程学院</p><p class=\"ql-align-center\">		<img src=\"http://www.sqgxy.edu.cn/UploadFiles/2022-11/49/16673545339198790.jpg\" alt=\"修图.jpg\"></p><p>	为进一步提高大学生的心理素质，宣传普及心理健康知识。2022年11月1日，信息与电子工程学院在育苑7B312会议室召开第三次心理健康研讨会暨心理委员培训会。心理辅导站站长庞瑞瑞、心理辅导站副站长唐雨情、心理辅导站全体成员及各班心理委员参加。本次会议由心理辅导站副站长唐雨情主持。</p><p>	会议伊始，心理辅导站副站长唐雨情强调召开此次研讨会的重要性和必要性。接着，唐雨情为心理委员讲解大学生普遍遇到的心理问题以及解决方法，并鼓励心理委员努力学习心理学知识，积极开展心理健康活动。最后，心理辅导站站长庞瑞瑞要求各班心理委员要有责任心和耐心，配合辅导员工作，积极主动关心同学，踊跃报名心理委员主题班会设计宣讲大赛。</p><p>	通过此次研讨会，不仅使学院心理队伍对学生发展中遇到的典型问题有了更全面的了解，还为我院开展的心理委员主题班会设计宣讲大赛顺利进行奠定基础。</p><p class=\"ql-align-right\">	(文/图 唐雨情 审核/张广勇）</p><p><br></p>', 14, '2022-11-22 12:41:54', '2022-11-22 12:41:54');
INSERT INTO `news` VALUES (21, NULL, '商丘工学院22专升本软件工程2班开展“芝”属于你，超给“栗”送温暖活动', '2022-11-22', 7, '<p class=\"ql-align-center\">	www.sqgxy.edu.cn&nbsp;&nbsp;&nbsp;&nbsp;信息与电子工程学院</p><p class=\"ql-align-center\">		<img src=\"http://www.sqgxy.edu.cn/UploadFiles/2022-11/49/16678946733854627.jpg\" alt=\"修图2.jpg\"></p><p>	深秋的校园，依托着秋日的清爽与金黄的杏叶，透露着一股心动的妩媚。11月1日，22级软件工程专升本2班的班长和团支书酝酿着一场特殊的活动。 “哇！！！我不用再羡慕别人啦！” “感动!!!” “超暖超好喝！” “太爱了！”在一声声的赞叹与感谢中，22专升本软件工程2班的全体同学都领到了属于自己的“秋天的第一杯奶茶”。</p><p>	据悉，由于刚刚由专科升入本科，学业压力陡升，以及即将面临着就业与考研的考虑，使得该班不少同学内心充满了焦虑和纠结。而刚刚担任班长的陈思与团支书陈世顺，一直想排解同学们的现状。所以想通过“秋天的第一杯奶茶”来进行缓解。陈思表示，送奶茶也是希望有一些美好的东西，让大家感受到就算远离家乡也会有善意和暖意，为这个秋天赋予新的意义，留下美好的回忆！团支书陈世顺表示，秋天是一个容易忧虑的季节，作为班委，有义务为大家排忧解难。</p><p>	收到奶茶后，该班同学感觉非常惊喜也感受到班团的用心，纷纷表示有家的温暖，还有不少同学在朋友圈晒自己的“神仙班长”、“神仙团支书”、“有爱的班集体”。</p><p class=\"ql-align-right\">	(文图/陈思 审核/张广勇)</p><p>		</p><p><br></p>', 13, '2022-11-22 12:43:03', '2022-11-23 18:52:57');
INSERT INTO `news` VALUES (22, NULL, '商丘工学院信息与电子工程学院辅导员开展“图书馆陪学逐梦”活动', '2022-11-22', 2, '<p class=\"ql-align-center\">	www.sqgxy.edu.cn&nbsp;&nbsp;&nbsp;&nbsp;信息与电子工程学院</p><p class=\"ql-align-center\">		<img src=\"http://www.sqgxy.edu.cn/UploadFiles/2022-11/49/16678940576719175.jpg\" alt=\"-1-221020120125119_副本.jpg\"></p><p>	2022年10月19日下午，信息与电子工程学院辅导员张黎与学生在图书馆一起学习,本次陪学的主要对象是在高中学习小语种的学生。</p><p>	通信工程、软件工程专业对英语这门学科的要求很高，对于高中学习小语种的学生而言有一定难度，且关乎他们的期末考试是否顺利通过，为此辅导员张黎要求学生从0开始，学习音标、翻译课文、背诵单词，并对学生进行单词听写，她告诉学生，只要愿意学，一切都不晚!除了辅导学习英语，张黎同时关注学生们的高数学习，她还给学生们在网上找相关的学习资料和习题用来巩固学生们的新知识。在下午的六个小时中，她陪学了4位学生，过程中，她结合自己的大学经验，悉心、耐心地指导学生有效学习</p><p>	最后，她还引导学生要做到有责任心。“悉心、耐心，责任心”是她对自己工作和学习的要求。同时，她告诉学生们也要具备这“三颗心”精神，这对于我们之后的学习道路和人生道路都有重要作用，同样，辅导员张黎正是践行“三颗心”精神模范，及时发现学习小语种学生的窘境并且主动花费自己的周末与同学们陪学。</p><p>	今后，“图书馆陪学”将成为张黎在学生工作中必不可少的一环。风里雨里，张老师在图书馆等你。</p><p class=\"ql-align-right\">	（文/图 张黎 审核/张广勇）</p><p>		</p><p><br></p>', 13, '2022-11-22 12:44:02', '2022-11-23 13:36:17');
INSERT INTO `news` VALUES (23, NULL, '商丘工学院信息与电子工程学院召开“学行为规范 树文明新风”主题班会', '2022-11-22', 1, '<p class=\"ql-align-center\">	www.sqgxy.edu.cn&nbsp;&nbsp;&nbsp;&nbsp;信息与电子工程学院</p><p class=\"ql-align-center\">		<img src=\"http://www.sqgxy.edu.cn/UploadFiles/2022-11/49/16678937161627424.jpg\" alt=\"-1-2210100TA2C3_副本.jpg\"></p><p>	为推动校园精神文明建设和大学生文明素质养成，坚持立德树人思想引领，加强大学生日常行为规范教育。10月9日晚，商丘工学院信息与电子工程学院2022级电子信息工程1班在育苑7A308室召开“学行为规范，树文明新风”主题教育班会。此次主题班会由辅导员鹿利秋主持，全班同学参加。</p><p>	班会伊始，辅导员鹿利秋为同学们解读《学生必读》中大学生行为规范的相关内容，有利于让同学们理解在校大学生的规矩要求、熟知大学期间生活学习方面的行为准则。接着，辅导员分别从学习习惯、课堂纪律、生活作风向同学们重点强调行为规范中“五种习惯、五种意识”的内容，引导学生讲学生行为规范内化于心，外化于行。最后，辅导员鹿利秋总结本次主题教育班会对当代大学生思想道德素质建设的重要意义并引导大家养成文明守纪的良好习惯，提升文明道德素养，励志成为德才兼备的优秀大学生。</p><p>	本次行为规范主题教育班会，进一步加强了同学们的文明素养教育，对构建和谐校园，把学生培养成为社会主义合格建设者和可靠接班人具有深远意义。</p><p class=\"ql-align-right\">	(文图/鹿利秋 审核/张广勇)</p><p>		</p><p><br></p>', 13, '2022-11-22 12:44:31', '2022-11-23 18:49:24');
INSERT INTO `news` VALUES (24, NULL, '商丘工学院信息与电子工程学院召开 “开学第一课”之迎接“新”上人', '2022-11-22', 0, '<p class=\"ql-align-center\">	www.sqgxy.edu.cn&nbsp;&nbsp;&nbsp;&nbsp;信息与电子工程学院</p><p class=\"ql-align-center\">		<img src=\"http://www.sqgxy.edu.cn/UploadFiles/2022-11/49/16678925793359556.jpg\" alt=\"修图1.jpg\"></p><p>	金秋九月开学季，扬帆起航正当时，商丘工学院信息与电子工程学院辅导员王潇以最诚挚的期盼和最饱满的热情迎来了2022级新生。为加强学生们对学校的日常管理制度和熟悉程度，9月25日，2022级软件工程专升本1、2班召开“开学第一课”之迎接“新”上人主题班会。此次班会由辅导员王潇主持，全体同学参加。</p><p>	班会中，辅导员王潇首先热烈欢迎同学们加入商丘工学院大家庭，并送出第一份专属浪漫，并进行了自我介绍。随后，辅导员老师从学院概况、学院规章制度和管理条例、专业介绍等方面展开讲解，让新同学们对学校、班级的架构有所了解。她寄语同学们要把握珍贵的两年时间，并勉励青年要为个人今后的发展辛勤耕耘，在全面建设社会主义现代化国家的新征程中创造“强国圆梦、功成有我”的青春佳话。</p><p>	辅导员王潇结合自身经历和经验，从学习、生活以及未来职业方向三个方面给同学们提出了一些建议和要求。她倡议，同学们要珍惜现有的学习机会，认真学习，充分利用学校各项资源，提早制定职业规划与人生规划，在实践中锻炼自己的品质，增强核心竞争力，朝自己的目标迈上新台阶。</p><p>	“开学第一课之迎接‘新’上人”主题班会至此拉下帷幕。班会虽然已经结束，但属于新生的故事刚刚开始。2022级软件工程专升本1、2班将坚定理想信念，敢想敢干，敢试敢闯，以更加饱满的精神状态迎接新一轮的挑战，勤奋学习，开拓创新，在社会主义伟大实践中放飞梦想。</p><p class=\"ql-align-right\">	（文图/陈思 审核/张广勇）</p><p>		</p><p><br></p>', 13, '2022-11-22 12:46:09', '2022-11-22 12:46:09');
INSERT INTO `news` VALUES (25, NULL, '商丘工学院信息与电子工程学院举办跳大绳比赛', '2022-11-22', 1, '<p class=\"ql-align-center\">	www.sqgxy.edu.cn&nbsp;&nbsp;&nbsp;&nbsp;信息与电子工程学院</p><p>		</p><p class=\"ql-align-center\">	<img src=\"http://www.sqgxy.edu.cn/UploadFiles/2022-04/49/16490695253832242.jpg\" alt=\"-1-220325152AT60.jpg\"></p><p>	疫情防控封校状态下，为更好的丰富校园文化生活，增强学生体质，培养学生参与体育运动的兴趣。3月24日，信息与电子工程学院2020级电子信息工程技术2班在操场举办了跳大绳比赛。此次活动由辅导员克娜娜老师组织，全体同学参与。</p><p>	比赛伊始，随着哨声的响起，场上顿时呈现出一片欢腾的景象，摇绳的同学奋力上下挥舞，跳绳的同学看准时机，一个个不间断地从翻飞的大绳中越过。学生一个个身轻如燕、矫健似鹰、如精灵般轻盈，纯真的笑脸、飞扬的彩绳、流畅的动作无不彰显着学生们的青春活力。每当大绳重重落下时，所有选手随即跳起、越过，干净利索。当有的同学不小心踩着绳子，他们并没有放弃，以沉着冷静之姿迅速调整继续比赛！助威观战的啦啦队员兴致勃勃，欢呼雀跃，加油声此起彼伏。最后，在大家的共同努力下，此次跳大绳比赛圆满结束。</p><p>	通过此次活动，更好的引导学生在疫情防控“非必要不外出”期间忙起来、动起来，绘制了疫情防控下精彩校园文化生活的图景，营造师生齐心、共同防疫的良好氛围。</p><p class=\"ql-align-right\">	（文图/克娜娜 审核/张广勇）</p><p><br></p>', 13, '2022-11-22 12:46:50', '2022-11-23 13:36:20');
INSERT INTO `news` VALUES (26, NULL, '商丘工学院信息与电子工程学院开展电脑维修清理活动', '2022-11-22', 0, '<p class=\"ql-align-center\">	www.sqgxy.edu.cn&nbsp;&nbsp;&nbsp;&nbsp;信息与电子工程学院</p><p class=\"ql-align-center\">		&nbsp;&nbsp;<img src=\"http://www.sqgxy.edu.cn/UploadFiles/2022-04/49/16490694059014769.jpg\" alt=\"-1-220321104256291.jpg\"></p><p>	作为一名电子信息工程专业的学生，电脑是必不可少的学习工具，为让同学更加舒心顺畅的用电脑进行仿真、编译代码、完成课程设计，大力弘扬和传承雷锋精神。3月20日下午，信息与电子工程学院2019级电子信息工程专业组织委员张镇麒，带领班级同学在育苑7A502教室组织开展“工欲善其事，必先利其器——维修清理电脑”志愿服务活动。</p><p>	活动开始后，许多同学前来询问相关事宜，志愿者们通过自身对电脑知识的掌控，一一解答。随着活动的开展，越来越多的同学带上电脑前来维修清理，志愿者们耐心的帮助同学清理电脑灰尘，使电脑运行更加流畅。针对有弹窗广告、流氓软件的电脑志愿者韩亚辉积极主动的进行清理或系统重装，让同学的电脑达到最佳状态。志愿者们用他们专业的维护技术和良好的服务态度赢得了同学们的广泛好评，也激励着我们在志愿服务的道路上不断前行。</p><p>		本次志愿者服务活动一方面为学校同学解决了实际问题，另一方面也弘扬了志愿服务精神，为有电脑专业技术的同学提供一个展现自我、锻炼能力的良好平台，体现了当代大学生的实践精神和志愿服务意识。</p><p class=\"ql-align-right\">		（文图/陈倩颖 审核/张广勇）</p><p><br></p>', 13, '2022-11-22 12:47:21', '2022-11-22 12:47:21');
INSERT INTO `news` VALUES (31, NULL, '归德书院的建立', '2022-11-22', 6, '<p><br></p><p class=\"ql-align-center\"><img src=\"http://localhost:7070/images\\75b646ee-c704-4278-b63f-72dc2de74f15.png\"></p><p>	商丘工学院归德书院成立于2021年10月，书院现辖C3学生公寓。内设书院办公室、导师办公室、心理释压室、领导力提升室、多功能室和学生事务一站式服务大厅等13个场所。</p><p>	归德书院以“学生中心、思政铸魂、全人教育”为宗旨，以“追求真知、尚德躬行”为院训，实现学生全员覆盖，让学生的学习和生活从分离走向融合，满足学生的个性化发展需要，最终促进学生全面发展，为实现中华民族伟大复兴的中国梦贡献智慧和力量。</p>', 11, '2022-11-22 13:03:59', '2022-11-23 18:55:24');
INSERT INTO `news` VALUES (32, NULL, '归德书院院徽释义', '2022-11-22', 3, '<p><br></p><p class=\"ql-align-center\"><img src=\"http://localhost:7070/images\\a5f8ff41-6a0c-48d3-97b5-7063e0192628.png\"></p><p class=\"ql-align-justify\">	1.《逸周书·大聚》：“譬之若冬日之阳，夏日之阴，不召而民自来，此谓归德。”归指返回，回到本处；德指人们共同生活及行为的准则和规范，品行、品质、美德、品德。归德，让学生回归良好的美德，德智体美劳全面发展。</p><p class=\"ql-align-justify\">	2.书院座落于商丘工学院，位于商丘，古称归德府。院徽标志建筑为归德古城门，与商丘厚重的文化紧密相连，也有弘扬“三商文化”之意。</p><p><br></p>', 11, '2022-11-22 13:04:42', '2022-11-22 15:21:50');
INSERT INTO `news` VALUES (33, NULL, '归德书院书院理念', '2022-11-22', 1, '<p>追求真知 尚德躬行理念释义：</p><p class=\"ql-align-justify\">	1.追求真知：即把对真知、智慧的追求当作是自己的责任，孜孜不倦。</p><p class=\"ql-align-justify\">	2.尚德躬行：“尚德”寓意学校重视“立德树人”，体现了学校积极的人文精神和共同的价值追求，旨在激励师生以高尚的道德立身，以高尚的道德承载天下重任。“躬行”出《论语·述而》：“躬行君子，则吾未之有得。”意为身体力行；亲身实行，在实践中检验真知、真理。</p><p class=\"ql-align-justify\">	3.与我校校训“厚德精技 崇学尚行”的内涵一脉相承。</p><p><br></p>', 11, '2022-11-22 13:06:16', '2022-11-23 18:52:26');
INSERT INTO `news` VALUES (34, NULL, '归德书院使命', '2022-11-22', 0, '<p>	<span style=\"background-color: rgb(243, 247, 252); color: rgb(34, 34, 34);\">对学生进行全人格培养&nbsp;以适应不断发展的世界。</span></p>', 11, '2022-11-22 13:06:46', '2022-11-22 13:06:46');
INSERT INTO `news` VALUES (35, NULL, '归德书院背景', '2022-11-22', 0, '<p>	<span style=\"background-color: rgb(243, 247, 252); color: rgb(34, 34, 34);\">融合商工教育精粹，建立一流全人教育共同体，追求真知，尚德躬行，培养具有国际视野、学科交融的优秀学生，让每一位学子获得成功。</span></p>', 11, '2022-11-22 13:07:09', '2022-11-22 13:07:09');
INSERT INTO `news` VALUES (36, NULL, '归德书院的特色文化', '2022-11-22', 3, '<p class=\"ql-align-justify\">	<span style=\"color: rgb(0, 0, 0);\">红色文化：以党建为龙头，开展爱国教育、革命传统教育、社会主义先进文化和志愿服务教育，进行红色引领，进而创建“红色书院”。</span></p><p class=\"ql-align-justify\">	<span style=\"color: rgb(0, 0, 0);\">蓝色文化：以科技创新类竞赛为载体，培养学生自主发现、自我探究、协同创新意识，在创新驱动时代发展下，提升核心竞争力，进而创建“蓝色书院”。</span></p><p class=\"ql-align-justify\">	<span style=\"color: rgb(0, 0, 0);\">绿色文化：以书院各类学生组织为依托，开展丰富多彩的文体活动，激发书院活力，进而创建“绿色书院”。</span></p><p class=\"ql-align-justify\">	<span style=\"color: rgb(0, 0, 0);\">金色文化：以立德树人为根本任务，通过创建各类平台、提供精细服务，为书院学生的全面健康可持续发展提供保障，进而创建“金色书院”。</span></p><p class=\"ql-align-center\"><img src=\"http://localhost:7070/images\\3c6b7b31-4bcf-436b-a1b2-491e36e1e8a7.png\"></p><p class=\"ql-align-center\"><img src=\"http://localhost:7070/images\\e7076c6d-a62a-47ff-bf4a-8c871720bf2d.png\"></p><p class=\"ql-align-center\"><img src=\"http://localhost:7070/images\\46527bb0-c678-4af6-a564-2c712c6ff61b.png\"></p><p class=\"ql-align-center\"><img src=\"http://localhost:7070/images\\f856014a-cc9d-483e-9f4a-5b0863eb78ee.png\"></p><p class=\"ql-align-center\"><img src=\"http://localhost:7070/images\\0864c189-e9af-4d72-883c-5bfa44f1da16.png\"></p><p class=\"ql-align-center\"><img src=\"http://localhost:7070/images\\4c11f6be-ee3a-4ea6-a4c5-0f52c389175a.png\"></p><p><br></p>', 11, '2022-11-22 13:09:57', '2022-11-23 19:07:21');
INSERT INTO `news` VALUES (37, NULL, '归德书院制学生管理模式运行平台', '2022-11-22', 1, '<p class=\"ql-align-justify\"><strong>（一）信息传送处理平台</strong></p><p class=\"ql-align-justify\">1.开放的校园网信息平台。</p><p class=\"ql-align-justify\">2.学生手机信息传送平台。</p><p>	3.公共信息栏定期发布平台。</p><p class=\"ql-align-justify\">	4.特殊信息专门传送平台。</p><p class=\"ql-align-justify\"><strong>（二）学生学习进步平台</strong></p><p class=\"ql-align-justify\">	1.建立健全教师导学机制。</p><p class=\"ql-align-justify\">	2.建设学生学业交流进步机制。</p><p class=\"ql-align-justify\">	3.创立文化素养提升机制。</p><p class=\"ql-align-justify\"><strong>（三）学生道德培育平台</strong></p><p class=\"ql-align-justify\">	1.形成学生文明礼仪自律机制。</p><p class=\"ql-align-justify\">2.改革现有学生综合测评体系。</p><p class=\"ql-align-justify\"><strong>（四）学生能力提升平台</strong></p><p class=\"ql-align-justify\">	1.改革现行学生干部选拔、培养制度。</p><p class=\"ql-align-justify\">2.改革完善党组织发展程序。</p><p class=\"ql-align-justify\">3.改革学生社会实践活动模式</p><p class=\"ql-align-justify\"><strong>（五）学生工作评价平台</strong></p><p class=\"ql-align-justify\">	1.建立新的考核机制</p><p class=\"ql-align-justify\">2.制定对各书院学生工作的考核评价制度。</p><p class=\"ql-align-justify\">	&nbsp;以上运行平台在《书院制实施方案》中有详细解释。</p><p><br></p>', 11, '2022-11-22 13:10:51', '2022-11-22 13:11:04');
INSERT INTO `news` VALUES (38, NULL, '《疫情时代大学生如何树立正确的就业观》——辅导员讲坛在归德书院举行', '2022-11-22', 9, '<p>	<span style=\"background-color: rgb(255, 251, 222); color: rgb(34, 34, 34);\">为引导学生树立正确的就业观念，帮助学生认清当前就业形势，提升就业创业能力。</span>	11<span style=\"background-color: rgb(255, 251, 222); color: rgb(34, 34, 34);\">月</span><span style=\"background-color: rgb(255, 251, 222);\">11</span><span style=\"background-color: rgb(255, 251, 222); color: rgb(34, 34, 34);\">日晚，辅导员讲坛第二十讲《后疫情时代大学生如何树立正确的就业观》在归德书院举行，此次讲坛由辅导员王喜艳主讲，学生代表参加。</span></p><p class=\"ql-align-center\"><img src=\"http://localhost:7070/images\\80435771-4bbb-49ce-9fed-05fc3cc0df9c.png\"></p><p>	<span style=\"background-color: rgb(255, 251, 222); color: rgb(34, 34, 34);\">王喜艳从后疫情时代的定义讲起，针对目前大学生就业特点和就业困境提出有关就业提升的相关路径，提出了把握就业创业机制、关注就业招聘信息、做好职业生涯规划和向学长学姐寻求就业经验的相关方案。</span></p><p class=\"ql-align-justify\">	王喜艳强调，面对后疫情时代不容乐观的就业形势，同学们应该好好珍惜自己的大学校园生活，在大学里多做有意义的事，学好自身专业课之余，考取大学必备的相关证书，为将来的就业提早做好准备。同时，她还提倡同学们积极参加社会实践活动以提升自己的人际沟通能力和组织管理能力。</p><p class=\"ql-align-center\"></p><p class=\"ql-align-justify\">	通过此次讲坛，同学们能认清后疫情时代严峻的就业形势，结合自身专业特点提早做好职业生涯规划，把握就业形势，掌握就业技巧，以青春之我奋斗新时代。</p><p class=\"ql-align-right\">	（文	/	王喜艳&nbsp;&nbsp;	图	/	记者站&nbsp;&nbsp;	审核	/	张广勇）</p><p class=\"ql-align-center\"><br></p><p><br></p>', 12, '2022-11-22 13:17:27', '2022-11-23 19:04:29');
INSERT INTO `news` VALUES (40, NULL, '院长 陈自力', '2022-11-22', 8, '<p class=\"ql-align-center\"><br></p><p class=\"ql-align-center\"><br></p><p class=\"ql-align-center\"><img src=\"http://localhost:7070/images\\943fec9f-2604-4691-9303-43d6bc276020.png\"></p><p class=\"ql-align-center\"><br></p><p>	<span style=\"background-color: rgb(245, 245, 245); color: rgb(51, 51, 51);\">陈自力，浙江绍兴人，中共党员，南京理工大学本科毕业，南京航空航天大学硕士研究生毕业，教授，硕士生导师，空军高层次人才。长期从事军事学院本硕一线教育工作和教学督导工作，曾获高职组说课一等奖，讲课一等奖，“启发式教学方法研究与实践”获教学成果一等奖,主编《模拟电子技术》等教材五部，发表SCI，EI等论文三十余篇。荣获三等功，全军教书育人银奖。指导全国大学生电子设计竞赛获江苏赛区一等奖三项，全国二等奖一项，指导全国大学生工程机器人竞赛获一等奖多项，获单项（体操）冠军，获单项（双足竞走）季军。</span></p><p class=\"ql-align-center\"><br></p><p class=\"ql-align-center\"><br></p><p><br></p>', 4, '2022-11-22 13:59:15', '2022-11-23 19:07:35');
INSERT INTO `news` VALUES (41, NULL, '书记 张广勇', '2022-11-22', 1, '<p class=\"ql-align-center\">	<img src=\"http://www.sqgxy.edu.cn/UploadFiles/2021-10/49/16335783594685468.jpg\" alt=\"648074b63eb94a7a1470764f1c7a7cc_副本.jpg\">&nbsp;&nbsp;&nbsp;</p><p>	&nbsp;&nbsp;&nbsp;&nbsp;&nbsp;中共党员，中级政工师，武汉大学工程硕士。现任信息与电子工程学院党总支书记，历任商丘工学院团委书记、学生处处长等职，长期从事大学生教育、管理工作。曾获河南省文明教师、河南省高等学校优秀党务工作者、河南省优秀青年志愿者、商丘市直青年岗位能手、首届商丘市优秀青年志愿者等荣誉。</p>', 4, '2022-11-22 14:01:19', '2022-11-22 14:05:28');
INSERT INTO `news` VALUES (42, NULL, '副院长 马玉芳', '2022-11-22', 0, '<p class=\"ql-align-center\">	<img src=\"http://www.sqgxy.edu.cn/UploadFiles/2019-03/49/15532477201879422.jpg\" alt=\"马玉芳副院长.jpg\"></p><p>	&nbsp;&nbsp;马玉芳，女，河南商丘人，中共党员，1999年毕业于新疆石河子大学信息工程系计算机及应用专业,副教授，信息与电子工程学院副院长，分管学科与专业建设、科研、考研、毕业生工作和信息化建设。</p><p>	&nbsp;&nbsp;任教以来，承担《计算机基础》、《C语言》、《数据库》、《Photoshop》、《三维动画设计与制作》等多门课程。</p><p>	&nbsp;&nbsp;在国内外期刊上发表《Q-P-T钢热处理过程中的马氏体相变及其计算机仿真分析》、《基于汇聚节点移动的能量均衡路由协议的研究》等论文13篇，核心4篇;主编参编《计算机应用基础》等教材4部,其中河南省“十一五规划”教材《计算机应用基础》，获河南省教育厅科技成果三等奖；主持参与河南省教育厅科学技术研究重点项目《适应异常检测模型研究》等省、市级以上科研项目11项；多次被评为校“优秀教师”、商丘市职业技能大赛“优秀辅导教师”、河南省教师培训年“先进个人”、“河南省优秀教师”、河南省教育厅“学术技术带头人”、“河南 省民办高校优秀教师”。</p><p>		</p>', 4, '2022-11-22 14:01:55', '2022-11-22 14:01:55');
INSERT INTO `news` VALUES (43, NULL, '副院长 刘 静', '2022-11-22', 0, '<p class=\"ql-align-center\"><img src=\"http://www.sqgxy.edu.cn/UploadFiles/2019-03/49/15532478372718503.jpg\" alt=\"刘静副院长.jpg\"></p><p>&nbsp;&nbsp;&nbsp;&nbsp;&nbsp;刘静，女，1956年7月生，黑龙江鸡西人，中共党员。毕业于阜新矿业学院电气工程及其自动化专业，并留校任教，副教授，从事高校教学工作40年，现任商丘工学院信息与电子工程学院副院长，分管实验室建设和管理、校内实验实训和督导工作。任教期间讲授了《电工原理》、《模拟电子技术基础》、《数字电子技术基础》、《矿山机械设备电气控制》、《电工学》、《传感器技术及其应用》、《智能检测技术》、《电气测量》、《电机与拖动》等十几门课程。承担的实践性教学工作：《电工技术与电子技术》实训、《模拟电子技术实验》、《数字电子技术实验》、《电工技术与电子技术实验》、《电工原理实验》、专业实习、专业课程设计及毕业设计等。承担科研项目五项，发表学术论文十余篇，主编“十一五”、“十二五”规划教材六部。</p>', 4, '2022-11-22 14:02:22', '2022-11-22 14:02:22');
INSERT INTO `news` VALUES (44, NULL, '副院长 曹 威', '2022-11-22', 0, '<p class=\"ql-align-center\">	&nbsp;&nbsp;&nbsp;<img src=\"http://www.sqgxy.edu.cn/UploadFiles/2021-10/49/16340098222409925.jpg\" alt=\"3f56bdb8a47d43b31d725a5bbcef3b3_副本.jpg\"></p><p>	曹威（1988- ），男，汉族，中共党员，河南商丘人，硕士研究生。毕业于河南科技大学电力电子与电力传动专业，获硕士学位。获第五届“优质课程”教学大赛二等奖，多次获优秀教师、先进个人等荣誉称号。发表中文核心论文4篇，CN期刊10余篇，参编教材2部，参编讲义1部；主持河南省社科联调研课题2项，主持参与“十三五”规划课题2项，参与科技攻关等省级课题4项，主持参与市级课题各1项，主持参与校级教改课题2项，获优秀成果奖3项。指导全国大学生实践创新训练计划项目国家级4项、省级1项；指导学生参加全国大学生电子设计竞赛获省级二等奖1项、三等奖2项，指导学生参加第十三届“博创杯”全国大学生嵌入式设计大赛获河南赛区二等奖，指导学生参加“挑战杯”全国大学生课外学术科技作品大赛获河南赛区二等奖，指导学生参加中国工程机器人大赛暨国际公开赛获国家级二等奖和三等奖各1项，组织并指导学生参加校级“创新杯”科技竞赛10余项并获得优秀指导教师，作为指导老师组织建立校级智能控制技</p>', 4, '2022-11-22 14:02:50', '2022-11-22 14:02:50');
INSERT INTO `news` VALUES (45, 'images\\dd1fa105-36f4-488b-bbe7-de287b6d44d1.png', '商丘工学院师生赴民权、睢县开展行走“大思政课”红色研学活动', '2022-11-22', 1, '<p class=\"ql-align-center\"><span style=\"background-color: rgb(255, 255, 255); color: rgb(51, 51, 51);\">&nbsp;Www.Sqgxy.edu.cn</span></p><p>	<span style=\"background-color: rgb(255, 255, 255); color: rgb(51, 51, 51);\">为贯彻落实习近平总书记“大思政课”重要指示精神，把思政小课堂融入社会大课堂，充分发挥思政课立德树人主渠道作用，庆祝国庆节，10月1日上午，我校师生代表在党委委员、统战部部长王政雯，马克思主义学院院长赵国栋、副院长崔浩的带领下赴民权䄮坡红色教育基地和睢杞战役纪念馆开展行走“大思政课”红色研学活动，民权县县委常委、副县长、统战部部长李君出席此次活动，本次活动由高海洋老师主持。</span></p><p>	<span style=\"background-color: rgb(255, 255, 255); color: rgb(51, 51, 51);\">为贯彻落实习近平总书记“大思政课”重要指示精神，把思政小课堂融入社会大课堂，充分发挥思政课立德树人主渠道作用，庆祝国庆节，10月1日上午，我校师生代表在党委委员、统战部部长王政雯，马克思主义学院院长赵国栋、副院长崔浩的带领下赴民权䄮坡红色教育基地和睢杞战役纪念馆开展行走“大思政课”红色研学活动，民权县县委常委、副县长、统战部部长李君出席此次活动，本次活动由高海洋老师主持。</span></p><p>	<span style=\"background-color: rgb(255, 255, 255); color: rgb(51, 51, 51);\">马克思主义学院院长赵国栋讲话。赵院长表示，在全国人民共同庆祝第七十三个国庆节的美好时刻，我们来到了民权县第一个党支部建立地秣坡村，具有非常特殊的意义。赵院长高度评价了民权县第一党支部的建立，对民权县党的建设、党员发展和全域解放所具有的重要作用。赵院长强调，我们要缅怀革命先烈，传承红色基因，继承革命先烈的遗志，学习他们对党无限忠诚和坚定的革命理想信念，学习他们为了争取民族独立和人民自由幸福、为了国家繁荣富强无私无畏的精神。</span>	</p><p>	<span style=\"background-color: rgb(255, 255, 255); color: rgb(51, 51, 51);\">王政雯部长宣布民权䄮坡红色教育基地揭牌仪式圆满成功。</span></p><p class=\"ql-align-center\"><img src=\"http://localhost:7070/images\\838ba56d-02c1-49ff-b7f6-f99c5510119b.png\"></p><p>	<span style=\"background-color: rgb(255, 255, 255); color: rgb(51, 51, 51);\">马克思主义学院院长赵国栋讲话。赵院长表示，在全国人民共同庆祝第七十三个国庆节的美好时刻，我们来到了民权县第一个党支部建立地秣坡村，具有非常特殊的意义。赵院长高度评价了民权县第一党支部的建立，对民权县党的建设、党员发展和全域解放所具有的重要作用。赵院长强调，我们要缅怀革命先烈，传承红色基因，继承革命先烈的遗志，学习他们对党无限忠诚和坚定的革命理想信念，学习他们为了争取民族独立和人民自由幸福、为了国家繁荣富强无私无畏的精神。</span>	</p><p>	<span style=\"background-color: rgb(255, 255, 255); color: rgb(51, 51, 51);\">&nbsp;&nbsp;&nbsp;&nbsp;王政雯部长宣布民权䄮坡红色教育基地揭牌仪式圆满成功。</span></p>', 16, '2022-11-22 14:26:11', '2022-11-22 15:21:13');
INSERT INTO `news` VALUES (47, 'images\\ae327783-d07d-441d-88a9-46695b9db735.png', '我校举行“红色九月·英烈精神进校园”活动', '2022-11-22', 1, '<p class=\"ql-align-center\"><span style=\"color: rgb(51, 51, 51); background-color: rgb(255, 255, 255);\">Www.Sqgxy.edu.cn&nbsp;</span></p><p>	<span style=\"color: rgb(51, 51, 51); background-color: rgb(255, 255, 255);\">为深入贯彻落实中共中央、国务院、中央军委、退役军人事务部、教育部等有关文件精神，引导广大青少年自觉缅怀、纪念、尊崇、学习英雄烈士，9月23日上午，由商丘市退役军人事务局、商丘工学院联合主办，商丘市革命烈士陵园管理处、商丘工学院党委宣传部、马克思主义学院、校团委承办的“红色九月·英烈精神进校园”活动启动仪式在科苑西一楼报告厅举行。本次活动的主题是“英烈精神进校园，革命薪火代代传”。</span></p><p class=\"ql-align-center\"><img src=\"http://www.sqgxy.edu.cn/UploadFiles/2022-09/20/16639231595749357.JPG\" alt=\"DSC_9684.JPG\"></p><p>	<span style=\"color: rgb(51, 51, 51); background-color: rgb(255, 255, 255);\">启动仪式前，随着讲解员的讲解，与会领导参观了“英烈精神进校园，革命薪火代代传”图片展。图片展有革命战争年代为国家独立、民族解放浴血奋战英勇牺牲的彭雪枫将军，有和平年代社会主义建设时期勇敢救人牺牲的李学生等。</span></p><p>	<span style=\"color: rgb(51, 51, 51); background-color: rgb(255, 255, 255);\">商丘市退役军人事务局党组成员、副局长李凡胜，商丘工学院校长丁艳红、党委宣传部部长王保起、马克思主义学院院长赵国栋、校团委副书记邵宏博出席活动启动仪式并在主席台就坐，师生代表参加了启动仪式，仪式由王保起部长主持。</span></p><p>	<span style=\"color: rgb(51, 51, 51); background-color: rgb(255, 255, 255);\">李凡胜局长首先讲话。李局长表示，举办本次活动的意义在于加强革命传统和红色文化教育，引导青年大学生树立正确的人生观、世界观和价值观。李局长介绍了商丘厚重的历史文化，诠释了商丘光荣的革命历程、崇尚英雄的传统。希望大家肩负时代责任，用奋斗书写报国之志，让自己的青春风采在爱国征程中绽放出亮丽风采。</span></p><p>	<span style=\"color: rgb(51, 51, 51); background-color: rgb(255, 255, 255);\">丁艳红校长讲话。就如何传承革命传统文化，让革命薪火代代相传，丁校长作了三点强调：一要学习英烈伟大精神，激发奋进前行力量；二要铭记英烈历史功勋，维护英烈尊严荣誉；三要沿英烈足迹继续前行，让英烈精神代代相传。丁校长希望大家铭记先烈事迹，传承先烈精神，继承先烈遗志，练就担当作为的硬脊梁、铁肩膀、真本事，在建设社会主义现代化强国中贡献力量，不负实现中华民族伟大复兴的历史使命。</span></p><p>	<span style=\"color: rgb(51, 51, 51); background-color: rgb(255, 255, 255);\">在最后的英烈故事分享会环节，刘书彬、孟瑶、黄永磊、李孟营四位同志为师生代表分享了为了中国人民的解放事业、国家独立、民族解放和人民富裕而不懈奋斗的英烈们的感人事迹，为大家上了一次生动鲜活的爱国主义教育课。</span></p><p class=\"ql-align-right\"><span style=\"color: rgb(51, 51, 51); background-color: rgb(255, 255, 255);\">（文/潘锐&nbsp;&nbsp;&nbsp;图/陈红梅&nbsp;&nbsp;审核/王保起）</span></p><p><br></p>', 16, '2022-11-22 14:35:03', '2022-11-22 15:21:08');
INSERT INTO `news` VALUES (48, NULL, '信息与电子工程学院简介	', '2022-11-22', 22, '<p class=\"ql-align-center\"><span style=\"color: rgb(51, 51, 51); background-color: rgb(245, 245, 245);\">www.sqgxy.edu.cn&nbsp;&nbsp;&nbsp;&nbsp;信息与电子工程学院</span></p><p><span style=\"color: rgb(51, 51, 51); background-color: rgb(245, 245, 245);\">    信息与电子工程学院是我校历史悠久、教学条件先进、师资力量雄厚的院部之一，开设有计算机科学与技术、信息管理与信息系统、电子信息工程、通信工程、物联网工程、电气工程及其自动化、软件工程七个本科专业和软件技术、计算机应用技术、电子信息工程技术三个专科专业。电子信息工程、计算机科学与技术两个本科专业被评为河南省民办高等学校品牌专业；计算机科学与技术专业被评为2017年度河南省高等学校专业综合改革试点专业；软件技术、计算机应用技术为两年制专业，也是我院的教学改革特色专业。学院拥有一支年龄、学历和职称结构合理、治学严谨、爱岗敬业、素质高、业务精、实践能力强的师资队伍，设置有电子电信教研室、计算机科学与技术教研室、物联网工程教研室、信息管理教研室、通信工程教研室、电气自动化教研室和软件工程教研室七个基层教学管理单位。</span>	</p><p class=\"ql-align-center\"><img src=\"http://localhost:7070/images\\45781c50-f564-4d27-b25d-dd49a75066a3.png\"></p><p><span style=\"color: rgb(51, 51, 51); background-color: rgb(245, 245, 245);\">    学院全面落实科学发展观，以培养高级应用型人才为根本任务，以教师为主导，以学生为主体，以制度为保障，以创新为动力，以激励为牵引，以质量为生命线的建设方针，恪守“厚德精技、崇学尚行”的校训，弘扬“明德、自强、笃行、日新”的校风，创建“敬业、爱生、严教、善导”的教风，营造“博学、善思、强能、躬行”的学风。</span>	</p><p><span style=\"color: rgb(51, 51, 51); background-color: rgb(245, 245, 245);\">    学院一贯重视专业和学科建设，不断探索实施教学改革，按照“以人为本、科教并重、学科引领、质量为先”发展战略，全面推进教师队伍建设、专业学科建设和制度建设，构建课程、科研、实践、文化、管理等“十大”育人体系，全面推进素质教育，始终坚持立德树人的根本任务，加强学院教学管理工作，优化教育教学环境，提高教学管理水平办学品位，凸显学院办学特色，丰富办学内涵。通过第一课堂和第二课堂的有机结合打造专业核心能力，引导学生不断创新，培养学生持续学习能力，突出培养学生的实践能力和工程应用能力，使之适应当今社会信息技术发展的需要，提高其就业竞争力。近5年，学生在全国大学生电子设计竞赛、全国大学生“博创杯”嵌入式系统设计大赛、“中国工程机器人大赛”、网络信息安全对抗赛、蓝桥杯软件设计大赛等竞赛等活动中，多次获得奖项，经过信电人的共同努力，在人才培养、科学研究、学科建设等方面取得了较大的进步和发展，形成了优良的传统和办学特色，为国家培养了一批优秀人才，受到社会各界的广泛好评和肯定。</span></p><p class=\"ql-align-right\">	<span style=\"color: rgb(51, 51, 51); background-color: rgb(245, 245, 245);\">（内容更新至 2018年12月8日）</span></p><p><br></p>', 1, '2022-11-22 14:37:06', '2022-11-24 15:06:09');
INSERT INTO `news` VALUES (49, NULL, '我院荣获2022年创新创业工作一等奖', '2022-11-22', 6, '<p class=\"ql-align-center\">	www.sqgxy.edu.cn&nbsp;&nbsp;&nbsp;信息与电子工程学院</p><p class=\"ql-align-center\">		<img src=\"http://www.sqgxy.edu.cn/UploadFiles/2022-11/49/16677314077420378.jpg\" alt=\"创新创业工作一等奖.jpg\"></p><p><br></p>', 5, '2022-11-22 14:37:56', '2022-11-23 19:07:34');
INSERT INTO `news` VALUES (50, NULL, '我院荣获2022年实验管理工作先进单位', '2022-11-22', 0, '<p class=\"ql-align-center\">	www.sqgxy.edu.cn&nbsp;&nbsp;&nbsp;&nbsp;信息与电子工程学院</p><p class=\"ql-align-center\">		<img src=\"http://localhost:7070/images\\b73e1732-51ff-468a-b1dc-a6f352d180ee.png\"></p><p><br></p>', 5, '2022-11-22 14:38:59', '2022-11-22 14:38:59');
INSERT INTO `news` VALUES (51, NULL, '我院荣获2021-2022学年教学质量监控工作先进单位', '2022-11-22', 1, '<p class=\"ql-align-center\">	www.sqgxy.edu.cn&nbsp;&nbsp;&nbsp;信息与电子工程学院</p><p class=\"ql-align-center\">		<img src=\"http://www.sqgxy.edu.cn/UploadFiles/2022-11/49/16677311456262693.jpg\" alt=\"2021-2022学年教学质量监控工作先进单位.jpg\"></p><p><br></p>', 5, '2022-11-22 14:39:28', '2022-11-22 15:21:45');
INSERT INTO `news` VALUES (52, NULL, '我院荣获2021-2022学年教育教学工作先进单位', '2022-11-22', 0, '<p class=\"ql-align-center\">	www.sqgxy.edu.cn&nbsp;&nbsp; 信息与电子工程学院</p><p class=\"ql-align-center\">		<img src=\"http://www.sqgxy.edu.cn/UploadFiles/2022-11/49/16677310714494855.jpg\" alt=\"2021-2022学年教育教学工作先进单位.jpg\"></p><p><br></p>', 5, '2022-11-22 14:40:13', '2022-11-22 14:40:13');
INSERT INTO `news` VALUES (53, NULL, '我院荣获2021-2022学年学生工作先进单位', '2022-11-22', 0, '<p class=\"ql-align-center\">	www.sqgxy.edu.cn&nbsp;&nbsp;&nbsp;信息与电子工程学院</p><p class=\"ql-align-center\">		<img src=\"http://www.sqgxy.edu.cn/UploadFiles/2022-11/49/16677310067963926.jpg\" alt=\"2021-2022学年学生工作先进单位.jpg\"></p><p><br></p>', 5, '2022-11-22 14:40:49', '2022-11-22 14:40:49');
INSERT INTO `news` VALUES (54, NULL, '信息管理与信息系统专业介绍', '2022-11-22', 10, '<p class=\"ql-align-center\">	www.sqgxy.edu.cn&nbsp;&nbsp;&nbsp;&nbsp;信息与电子工程学院</p><p>		&nbsp;&nbsp;一、专业名称：信息管理与信息系统</p><p>	&nbsp;&nbsp;二、学历层次：本科</p><p>	&nbsp;&nbsp;三、专业代码：120102</p><p>	&nbsp;&nbsp;四、学制：4年</p><p>	&nbsp;&nbsp;五、培养目标：</p><p>	&nbsp;&nbsp;本专业旨在培养德、智、体、美、劳全面发展，掌握扎实的信息管理与信息系统基本理论和专业技能，面向国家各级管理部门、工商企业、金融机构等领域，从事信息管理和信息系统分析、设计、管理及评价等工作，具有实践能力、创新精神和吃苦奉献品质的高级应用型人才。</p><p>	&nbsp;&nbsp;六、核心能力：</p><p>	&nbsp;&nbsp;本专业学生主要学习经济与管理、计算机和信息管理系统三方面的基本理论和基本知识，具备信息系统管理、信息系统设计和实施、动态网站开发等方面的基本能力。毕业生应获得以下几方面的知识和能力：</p><p>	&nbsp;&nbsp;1.掌握信息管理及信息系统的基本理论知识，具有扎实的专业技能；</p><p>	&nbsp;&nbsp;2.掌握信息系统的分析方法和设计方法，具有一定的科研和实际工作能力；</p><p>	&nbsp;&nbsp;3.具有信息采集、数据处理、分析研究及信息系统开发的能力；</p><p>	&nbsp;&nbsp;4.具有综合运用所学知识分析和解决问题的基本能力；</p><p>	&nbsp;&nbsp;5.了解本专业相关领域的发展动态；</p><p>	&nbsp;&nbsp;6.掌握文献检索、资料查询、资料收集的基本方法，具备较强的文字表达能力，能撰写各种系统分析及开发方案文档。</p><p>	&nbsp;&nbsp;七、主干课程：</p><p>	&nbsp;&nbsp;经济学、管理学、管理信息系统、信息管理系统设计与开发、ERP理论与实践等。</p><p>	&nbsp;&nbsp;八、专业特色：</p><p>	&nbsp;&nbsp;支撑“信息管理与信息系统”专业建设与人才培养的是一支职称与学历结构合理、工程能力强的师资队伍，此外还拥有业界丰富工程经验的校外兼职企业工程师队伍。校企联合授课，课堂教学实效显著， 教师课中拓展知识点并引申新的作业，企业导师手把手指导，学生讨论小组拓展作业发现共同的问题。依托行业资源，建立先进的实验实践基地，与产业发展紧密结合，与多家企业建立校内外实习基地学生创新能力突出，成果丰富。</p><p>	&nbsp;&nbsp;九、就业方向与前景：</p><p>	&nbsp;&nbsp;学生毕业后，可在各行业信息技术相关部门从事信息管理和信息系统分析、设计、管理及评价、教学培训、应用技术研究等工作。</p><p>	&nbsp;&nbsp;从事行业：机关事业单位、银行、金融证券部门、生产型企业、电子商务企业，信息技术行业、制造业等。&nbsp;</p><p>	&nbsp;&nbsp;就业岗位：ERP实施顾问、销售顾问、信息系统设计、系统开发、数据分析、数据挖掘、市场营销、电商运营、网页设计、办公行政等。</p><p>		</p><p><br></p>', 3, '2022-11-22 14:41:31', '2022-11-23 19:07:36');
INSERT INTO `news` VALUES (55, NULL, '软件工程专业介绍', '2022-11-22', 0, '<p class=\"ql-align-center\">www.sqgxy.edu.cn&nbsp;&nbsp;&nbsp;&nbsp;信息与电子工程学院</p><p>		&nbsp;&nbsp;软件工程专业旨在培养德、智、体、美、劳全面发展，掌握软件系统的设计、测试方法和技术规范，能够应用软件工程的先进思想、方法和技术来分析、设计、实现、测试各类计算机应用软件，能够在工业，农业，金融，政府部门等领域从事应用软件系统的开发、测试、维护等工作，具有实践能力、创新精神和吃苦奉献品质的高级应用型人才。本专业主要学习软件工程方面的专业理论知识和方法，掌握软件分析、设计、开发、项目管理和项目测试方法。</p>', 3, '2022-11-22 14:42:01', '2022-11-22 14:42:01');
INSERT INTO `news` VALUES (56, NULL, '电子信息工程专业介绍', '2022-11-22', 0, '<p>	<span style=\"background-color: rgb(245, 245, 245); color: rgb(51, 51, 51);\">&nbsp;&nbsp;一、专业名称：电子信息工程</span>	</p><p>	<span style=\"background-color: rgb(245, 245, 245); color: rgb(51, 51, 51);\">&nbsp;&nbsp;&nbsp;二、学历层次：本科</span>	</p><p>	<span style=\"background-color: rgb(245, 245, 245); color: rgb(51, 51, 51);\">&nbsp;&nbsp;&nbsp;三、专业代码：080701</span>	</p><p>	<span style=\"background-color: rgb(245, 245, 245); color: rgb(51, 51, 51);\">&nbsp;&nbsp;&nbsp;四、学&nbsp;&nbsp;&nbsp;制：4年</span>	</p><p>	<span style=\"background-color: rgb(245, 245, 245); color: rgb(51, 51, 51);\">&nbsp;&nbsp;&nbsp;五、培养目标：</span>	</p><p>	<span style=\"background-color: rgb(245, 245, 245); color: rgb(51, 51, 51);\">&nbsp;&nbsp;&nbsp;本专业培养具有电子技术、信息检测、处理和控制等方面的基础知识，具有一定的继续学习和创新能力；具有参与实用电子产品的安装、调试、检测、维护能力；具备电子信息技术的开发、设计、推广、应用能力；具有在企业中对电子信息产品技术咨询和服务能力；能运用单片机技术解决实际问题的能力；能够适应生产第一线需求的高素质技能型人才。</span>	</p><p>	<span style=\"background-color: rgb(245, 245, 245); color: rgb(51, 51, 51);\">&nbsp;&nbsp;&nbsp;六、核心能力：</span>	</p><p>	<span style=\"background-color: rgb(245, 245, 245); color: rgb(51, 51, 51);\">&nbsp;&nbsp;&nbsp;本专业的学生通过学习电子信息工程方面的基本理论和基本知识，学习电子信息系统设计、应用开发等方面的专业知识，历经四年的学习可获得以下四个方面基本能力。</span>	</p><p>	<span style=\"background-color: rgb(245, 245, 245); color: rgb(51, 51, 51);\">&nbsp;&nbsp;&nbsp;1、电子信息类产品生产线自动化设备的操作能力。</span>	</p><p>	<span style=\"background-color: rgb(245, 245, 245); color: rgb(51, 51, 51);\">&nbsp;&nbsp;&nbsp;2、电子信息类产品生产、检测、检修的能力。</span>	</p><p>	<span style=\"background-color: rgb(245, 245, 245); color: rgb(51, 51, 51);\">&nbsp;&nbsp;&nbsp;3、电子信息类产品的设计、开发能力。</span>	</p><p>	<span style=\"background-color: rgb(245, 245, 245); color: rgb(51, 51, 51);\">&nbsp;&nbsp;&nbsp;4、电子信息类产品生产线组织管理能力。</span>	</p><p>	<span style=\"background-color: rgb(245, 245, 245); color: rgb(51, 51, 51);\">&nbsp;&nbsp;&nbsp;七、主干课程：</span>	</p><p>	<span style=\"background-color: rgb(245, 245, 245); color: rgb(51, 51, 51);\">在校期间的主要专业课程有：信号与系统、专业英语、电路分析、C语言、高频电子技术、电子测量技术、自动检测技术、电子系统设计与制作、数字信号处理（DSP）技术、单片机原理及应用、嵌入式系统、可编程控制技术、传感器原理与应用、电子电工实习以及电子工艺训练等实验课程。</span>	</p><p>	<span style=\"background-color: rgb(245, 245, 245); color: rgb(51, 51, 51);\">&nbsp;&nbsp;&nbsp;八、专业特色：</span>	</p><p>	<span style=\"background-color: rgb(245, 245, 245); color: rgb(51, 51, 51);\">&nbsp;&nbsp;1.电子信息工程技术专业为我校重点建设专业之一，同时是河南省品牌专业。</span>	</p><p>	<span style=\"background-color: rgb(245, 245, 245); color: rgb(51, 51, 51);\">&nbsp;&nbsp;2.电子信息工程技术专业拥有实力雄厚的“复合型”、“双师型”教学科研团队。该专业已形成一支由电子、电信行业知名专家，优秀教师、企业的高级工程人员组成的高素质“复合型”、“双师型”专业教学团队。本专业现有教师9人，其中教授1人，副教授1人，企业高级工程师2人，双师型教师6人。</span>	</p><p>	<span style=\"background-color: rgb(245, 245, 245); color: rgb(51, 51, 51);\">&nbsp;&nbsp;3.依托校企合作项目，实现联合办学。学校与校外97个实训基地进行强强合作，采取对口企业定岗实践、双向培训等多种形式的校企合作方式。学生在企业完成课程设计以及现场岗位培训。</span>	</p><p>	<span style=\"background-color: rgb(245, 245, 245); color: rgb(51, 51, 51);\">&nbsp;&nbsp;&nbsp;九、就业方向与前景：</span>	</p><p>	<span style=\"background-color: rgb(245, 245, 245); color: rgb(51, 51, 51);\">&nbsp;&nbsp;1.进入21世纪以来，我国工业发展的速度飞快，特别是近几年来智能控制及其制造业的迅猛崛起，使得电子信息工程方面的人才缺口大幅攀升，长三角、珠三角、京津唐及内陆区域现代化的智能控制及产品制造业方面表现尤为急切。</span>	</p><p>	<span style=\"background-color: rgb(245, 245, 245); color: rgb(51, 51, 51);\">&nbsp;&nbsp;&nbsp;2.毕业生在企业就业后，能在电子技术和信息系统工作岗位（或岗位群）从事电子设备与信息系统的设计工作的占20%；直接从事产品的生产管理、技术管理工作的占10%；在生产一线从事产品制造及测试工作的占60%；在产品的应用、维护、技术支持和销售等工作的占10%。也能在科研部门、高等院校从事科研与教学工作。</span></p>', 3, '2022-11-22 14:42:41', '2022-11-22 14:42:41');
INSERT INTO `news` VALUES (58, NULL, '计算机科学与技术专业介绍', '2022-11-22', 0, '<p class=\"ql-align-center\">www.sqgxy.edu.cn&nbsp;&nbsp;&nbsp;&nbsp;&nbsp;&nbsp;信息与电子工程学院</p><p>	<span style=\"background-color: rgb(245, 245, 245); color: rgb(51, 51, 51);\">一、专业名称：计算机科学与技术</span>	</p><p>	<span style=\"background-color: rgb(245, 245, 245); color: rgb(51, 51, 51);\">二、学历层次：本科</span>	</p><p>	<span style=\"background-color: rgb(245, 245, 245); color: rgb(51, 51, 51);\">三、专业代码：080901</span>	</p><p>	<span style=\"background-color: rgb(245, 245, 245); color: rgb(51, 51, 51);\">四、学制：4年</span>	</p><p>	<span style=\"background-color: rgb(245, 245, 245); color: rgb(51, 51, 51);\">五、培养目标：</span>	</p><p>	<span style=\"background-color: rgb(245, 245, 245); color: rgb(51, 51, 51);\">&nbsp;&nbsp;&nbsp;本专业培养德、智、体、美全面发展，掌握自然科学基本知识、计算机科学的基本理论、基本方法，具备计算机软硬件使用与维护、程序设计、信息系统设计开发和网络工程实践等基本技能，能胜任信息系统设计开发、网络和数据库维护与管理、移动终端设计开发、Web 程序开发、软件运行维护、办公自动化等相关工作的应用型技术技能型人才。</span>	</p><p>	<span style=\"background-color: rgb(245, 245, 245); color: rgb(51, 51, 51);\">六、核心能力：</span>	</p><p>	<span style=\"background-color: rgb(245, 245, 245); color: rgb(51, 51, 51);\">&nbsp;&nbsp;&nbsp;1.系统的掌握计算机科学与技术专业的基础理论、基本知识和基本技能，具备较高的职业素养，掌握基本科研方法，具有较强的从事本专业实际工作的能力和初步的科研能力；</span>	</p><p>	<span style=\"background-color: rgb(245, 245, 245); color: rgb(51, 51, 51);\">&nbsp;&nbsp;&nbsp;2.能够熟练的应用各种软件、硬件系统知识构建优化的信息系统和应用程序，并实施有效的技术管理和维护；</span>	</p><p>	<span style=\"background-color: rgb(245, 245, 245); color: rgb(51, 51, 51);\">&nbsp;&nbsp;&nbsp;3.能够熟练的进行各类网络系统的组网、规划、设计、评价和维护。</span>	</p><p>	<span style=\"background-color: rgb(245, 245, 245); color: rgb(51, 51, 51);\">&nbsp;&nbsp;&nbsp;4.能够熟练的进行各类web应用程序和移动端应用程序的设计、评价和维护。</span>	</p><p>	<span style=\"background-color: rgb(245, 245, 245); color: rgb(51, 51, 51);\">七、主干课程：</span>	</p><p>	<span style=\"background-color: rgb(245, 245, 245); color: rgb(51, 51, 51);\">&nbsp;&nbsp;&nbsp;高级语言程序设计、计算机导论、汇编语言程序设计、数理与数字逻辑设计、电子技术基础、数据结构与算法、计算机组成原理、软件工程、形式语言与自动机、数据库系统、操作系统、计算机网络、算法设计与分析、编译原理、JAVA语言程序设计等。</span>	</p><p>	<span style=\"background-color: rgb(245, 245, 245); color: rgb(51, 51, 51);\">八、专业特色：</span>	</p><p>	<span style=\"background-color: rgb(245, 245, 245); color: rgb(51, 51, 51);\">&nbsp;&nbsp;&nbsp;计算机科学与技术专业是我校升本后开设最早的专业之一，是河南省教育厅确定的品牌专业。本专业拥有优秀且稳定的师资队伍，共有专兼职教师近10人，其中中级职称以上的教师比例达70%，硕士学历以上的教师比例达60%。兼职教师来自企业一线的高技术人员占20%，具有丰富的实践经验。</span>	</p><p>	<span style=\"background-color: rgb(245, 245, 245); color: rgb(51, 51, 51);\">九、就业方向与前景：</span>	</p><p>	<span style=\"background-color: rgb(245, 245, 245); color: rgb(51, 51, 51);\">&nbsp;&nbsp;&nbsp;学生毕业后，可在各行业信息技术相关部门从事计算机应用系统设计与开发、系统运行与维护、教学培训、应用技术研究等工作。</span>	</p><p>	<span style=\"background-color: rgb(245, 245, 245); color: rgb(51, 51, 51);\">&nbsp;&nbsp;&nbsp;全国计算机应用专业人才的需求每年将增加100万人左右。教育部、信息产业部、国防科工委、交通部、卫生部目前联合调查的专业领域人才需求状况表明,随着中国软件业规模不断扩大,软件人才结构性矛盾日益显得突出,人才结构呈两头小、中间大的橄榄型,不仅缺乏高层次的系统分析员、项目总设计师,也缺少大量从事基础性开发的人员。按照合理的人才结构比例进行测算,到2020年,中国需要软件高级人才6万人、中级人才28万人、初级人才46万人,再加上企业、社区、机关、学校等领域,初步测算,全国计算机应用专业人才的需求每年将增加100万人左右。</span></p>', 3, '2022-11-22 14:43:54', '2022-11-22 14:43:54');
INSERT INTO `news` VALUES (59, NULL, '物联网工程专业简介', '2022-11-22', 0, '<p class=\"ql-align-center\">	<span style=\"background-color: rgb(245, 245, 245); color: rgb(51, 51, 51);\">www.sqgxy.edu.cn   &nbsp;信息与电子工程学院</span></p><p><span class=\"ql-cursor\">﻿</span>	<span style=\"background-color: rgb(245, 245, 245); color: rgb(51, 51, 51);\">一、专业名称：物联网工程</span>	</p><p>	<span style=\"background-color: rgb(245, 245, 245); color: rgb(51, 51, 51);\">二、学历层次：本科</span>	</p><p>	<span style=\"background-color: rgb(245, 245, 245); color: rgb(51, 51, 51);\">三、专业代码:080905</span>	</p><p>	<span style=\"background-color: rgb(245, 245, 245); color: rgb(51, 51, 51);\">四、学&nbsp;&nbsp;&nbsp;制：4年</span>	</p><p>	<span style=\"background-color: rgb(245, 245, 245); color: rgb(51, 51, 51);\">五、培养目标</span>	</p><p>	<span style=\"background-color: rgb(245, 245, 245); color: rgb(51, 51, 51);\">&nbsp;&nbsp;&nbsp;本专业主要培养德、智、体等全面发展，掌握数学和其他相关的自然科学基础知识以及和物联网相关的网络、计算机、通信和传感的基本理论、基本知识、基本技能和基本方法，具有较强的专业能力和良好外语运用能力，能胜任物联网工程技术、通信、传感器网络及电子信息处理技术等领域的科学研究、设计开发、系统集成及管理和教学等多方面工作，并具有创新能力的应用型技术技能型人才。</span>	</p><p>	<span style=\"background-color: rgb(245, 245, 245); color: rgb(51, 51, 51);\">六、核心能力</span>	</p><p>	<span style=\"background-color: rgb(245, 245, 245); color: rgb(51, 51, 51);\">&nbsp;&nbsp;&nbsp;1.具有单片机、嵌入式、RFID 系统设计、物联网系统设计和应用能力；</span>	</p><p>	<span style=\"background-color: rgb(245, 245, 245); color: rgb(51, 51, 51);\">&nbsp;&nbsp;&nbsp;2.具有从感知层、网络层到应用层的物联网系统设计和开发能力；</span>	</p><p>	<span style=\"background-color: rgb(245, 245, 245); color: rgb(51, 51, 51);\">&nbsp;&nbsp;&nbsp;3.具有物联网各种信号的采集、处理、交换、传输的理论与技术；</span>	</p><p>	<span style=\"background-color: rgb(245, 245, 245); color: rgb(51, 51, 51);\">七、主干课程</span>	</p><p>	<span style=\"background-color: rgb(245, 245, 245); color: rgb(51, 51, 51);\">&nbsp;&nbsp;&nbsp;物联网数据处理、物联网通信技术、RFID原理及应用、传感器原理及应用、计算机网络、传感网原理及应用、物联网控制原理与技术、物联网定位技术、物联网工程规划与设计、JAVA语言设计、物联网应用系统设计、嵌入式系统等。</span>	</p><p>	<span style=\"background-color: rgb(245, 245, 245); color: rgb(51, 51, 51);\">八、专业特色</span>	</p><p>	<span style=\"background-color: rgb(245, 245, 245); color: rgb(51, 51, 51);\">&nbsp;&nbsp;&nbsp;1.本专业主要面向地方及国家经济发展的需要，通过不断深化人才培养的教学管理与机制的改革，实施产、学、研结合专项教育。</span>	</p><p>	<span style=\"background-color: rgb(245, 245, 245); color: rgb(51, 51, 51);\">&nbsp;&nbsp;&nbsp;2.围绕物联网相关基础理论和应用技术，在人才培养上，以教育部“卓越工程师”培养方案为指导，加强本科生人才培养。</span>	</p><p>	<span style=\"background-color: rgb(245, 245, 245); color: rgb(51, 51, 51);\">&nbsp;&nbsp;&nbsp;3.物联网工程主要依托“两个平台”，瞄准“三个方向”。“两个平台”，主要依托物联网应用技术在“综合物流产业集聚区”、智慧农业示范区等。“四个方向”，主要在“感知物流”、“感知农业”、“智能家居”等方面加强应用研究。</span>	</p><p>	<span style=\"background-color: rgb(245, 245, 245); color: rgb(51, 51, 51);\">九、就业方向与前景</span>	</p><p>	<span style=\"background-color: rgb(245, 245, 245); color: rgb(51, 51, 51);\">&nbsp;&nbsp;&nbsp;物联网就是物物相连的互联网。是指通过装置在各类物体上的电子标签，传感器、二维码等，经过接口与无线网络相连，从而赋予物体以智能，可以实现人与物体、物体与物体间的沟通和对话。</span>	</p><p>	<span style=\"background-color: rgb(245, 245, 245); color: rgb(51, 51, 51);\">&nbsp;&nbsp;1.物联网工程就业方向</span>	</p><p>	<span style=\"background-color: rgb(245, 245, 245); color: rgb(51, 51, 51);\">&nbsp;&nbsp;&nbsp;物联网是继计算机、互联网之后，世界信息产业的第三次信息革命。作为国家“十三五规划”倡导的新兴战略性主要产业，物联网备受各界重视，并成为就业前景广阔的热门领域，学生毕业后能在信息领域、教科研部门从事物联网相关领域的科学研究和教学工作，也能胜任物联网技术在智能交通、环境保护、地质灾害监测、政府工作、公共安全、智能家居、智能消防、工业监测、智能穿戴、智能医疗、智慧农业等多个领域中工作 。</span>	</p><p>	<span style=\"background-color: rgb(245, 245, 245); color: rgb(51, 51, 51);\">&nbsp;&nbsp;&nbsp;2.物联网就业前景</span>	</p><p>	<span style=\"background-color: rgb(245, 245, 245); color: rgb(51, 51, 51);\">&nbsp;&nbsp;&nbsp;物联网技术作为信息技术的第三次革命性创新性新兴产业，被正式列为国家重点发展的战略性产业之一。物联网产业具有产业链长、涉及多个产业群、应用范围几乎覆盖了各行各业、人才需求量巨大等特点。</span>	</p><p>	<span style=\"background-color: rgb(245, 245, 245); color: rgb(51, 51, 51);\">&nbsp;&nbsp;&nbsp;据测算智能交通车载物联网未来5年人才需求超20万；智能物流2016年人才缺口30万；未来5-10年，智能电网与新能源电力产业人才将达到百万人；智能医疗专业技术人才市场需求超出百万；智能工业人才需求缺口超50万人；智能农业的各类专业人才缺口已超千万人；环境监控与灾害预警人才需求大约在30万左右，智能家居专业人才需求将达到近百万人。</span></p>', 3, '2022-11-22 14:44:38', '2022-11-22 14:44:38');
INSERT INTO `news` VALUES (60, NULL, '电气工程及其自动化专业介绍', '2022-11-22', 1, '<p class=\"ql-align-center\">	<span style=\"background-color: rgb(245, 245, 245); color: rgb(51, 51, 51);\">www.sqgxy.edu.cn&nbsp;&nbsp;&nbsp;&nbsp;信息与电子工程学院</span></p><p><span class=\"ql-cursor\">﻿</span>	<span style=\"background-color: rgb(245, 245, 245); color: rgb(51, 51, 51);\">一、专业名称： 电气工程及其自动化</span>	</p><p>	<span style=\"background-color: rgb(245, 245, 245); color: rgb(51, 51, 51);\">二、学历层次： 本科</span>	</p><p>	<span style=\"background-color: rgb(245, 245, 245); color: rgb(51, 51, 51);\">三、专业代码：080601</span>	</p><p>	<span style=\"background-color: rgb(245, 245, 245); color: rgb(51, 51, 51);\">四、学制： 4年</span>	</p><p>	<span style=\"background-color: rgb(245, 245, 245); color: rgb(51, 51, 51);\">五、培养目标：</span>	</p><p>	<span style=\"background-color: rgb(245, 245, 245); color: rgb(51, 51, 51);\">&nbsp;&nbsp;&nbsp;本专业培养具备现代电气工程及自动化领域相关的基础理论、专业技术和实践能力，能够在电气工程及其自动化领域从事装备设计与制造、系统运行、维护、智能控制、供配电、试验分析、技术开发和工程管理等工作的高素质、复合型、应用技能型人才。</span>	</p><p>	<span style=\"background-color: rgb(245, 245, 245); color: rgb(51, 51, 51);\">六、核心能力：</span>	</p><p>	<span style=\"background-color: rgb(245, 245, 245); color: rgb(51, 51, 51);\">&nbsp;&nbsp;&nbsp;1.电气自动化方向核心能力：</span>	</p><p>	<span style=\"background-color: rgb(245, 245, 245); color: rgb(51, 51, 51);\">&nbsp;&nbsp;&nbsp;（1）电气与自动化仪器仪表的使用、检测与维护能力</span>	</p><p>	<span style=\"background-color: rgb(245, 245, 245); color: rgb(51, 51, 51);\">&nbsp;&nbsp;&nbsp;（2）生产线电气自动化设备运行与维护能力</span>	</p><p>	<span style=\"background-color: rgb(245, 245, 245); color: rgb(51, 51, 51);\">&nbsp;&nbsp;&nbsp;（3）电气自动化设备安装、调试、操作和生产工艺设计能力</span>	</p><p>	<span style=\"background-color: rgb(245, 245, 245); color: rgb(51, 51, 51);\">&nbsp;&nbsp;&nbsp;（4）自动化设备集成和组网、微机控制操作和程序设计能力</span>	</p><p>	<span style=\"background-color: rgb(245, 245, 245); color: rgb(51, 51, 51);\">&nbsp;&nbsp;&nbsp;（5）电气控制系统设计、电气施工管理与安全管理能力</span>	</p><p>	<span style=\"background-color: rgb(245, 245, 245); color: rgb(51, 51, 51);\">&nbsp;&nbsp;&nbsp;2.供配电方向核心能力：</span>	</p><p>	<span style=\"background-color: rgb(245, 245, 245); color: rgb(51, 51, 51);\">&nbsp;&nbsp;&nbsp;（1）电力网、变配电站、企业供配电工程设计、运行、检修、安装调试能力</span>	</p><p>	<span style=\"background-color: rgb(245, 245, 245); color: rgb(51, 51, 51);\">&nbsp;&nbsp;&nbsp;（2）电力安全规程、运行规程、检修规程能力</span>	</p><p>	<span style=\"background-color: rgb(245, 245, 245); color: rgb(51, 51, 51);\">&nbsp;&nbsp;&nbsp;（3）用电监察、营业管理、技术管理和电气产品营销能力</span>	</p><p>	<span style=\"background-color: rgb(245, 245, 245); color: rgb(51, 51, 51);\">七、主干课程：</span>	</p><p>	<span style=\"background-color: rgb(245, 245, 245); color: rgb(51, 51, 51);\">&nbsp;&nbsp;&nbsp;电路基础、信号与系统、模拟电子电路、数字逻辑电路、自动控制原理、电机学、电力电子技术、电力系统基础、电气控制技术、现代供配电技术、电气测试技术、电力系统继电保护。</span>	</p><p>	<span style=\"background-color: rgb(245, 245, 245); color: rgb(51, 51, 51);\">八、专业特色：</span>	</p><p>	<span style=\"background-color: rgb(245, 245, 245); color: rgb(51, 51, 51);\">&nbsp;&nbsp;&nbsp;1.电气工程及其自动化专业为我校重点建设专业之一，同时也是报考比较热门的专业。</span>	</p><p>	<span style=\"background-color: rgb(245, 245, 245); color: rgb(51, 51, 51);\">&nbsp;&nbsp;&nbsp;2.电气工程及其自动化专业拥有一支由机电行业知名专家，优秀教师、企业的高级工程人员组成的高素质“复合型”、“双师型”“技术技能型”专业教学团队。</span>	</p><p>	<span style=\"background-color: rgb(245, 245, 245); color: rgb(51, 51, 51);\">&nbsp;&nbsp;&nbsp;3.依托校企合作实现联合办学，采取顶岗实践、双向培训等多途径全方位培养，本专业毕业生深受用人单位的欢迎，学生一次就业率高达95%以上。</span>	</p><p>	<span style=\"background-color: rgb(245, 245, 245); color: rgb(51, 51, 51);\">九、就业方向与前景：</span>	</p><p>	<span style=\"background-color: rgb(245, 245, 245); color: rgb(51, 51, 51);\">&nbsp;&nbsp;&nbsp;供配电方向的就业：</span>	</p><p>	<span style=\"background-color: rgb(245, 245, 245); color: rgb(51, 51, 51);\">&nbsp;&nbsp;&nbsp;1.大多数电气毕业生就业于电网，也就是供电局。</span>	</p><p>	<span style=\"background-color: rgb(245, 245, 245); color: rgb(51, 51, 51);\">&nbsp;&nbsp;&nbsp;2.电力设计院，主要做电力建设工程的设计工作。</span>	</p><p>	<span style=\"background-color: rgb(245, 245, 245); color: rgb(51, 51, 51);\">&nbsp;&nbsp;&nbsp;3.发电厂。</span>	</p><p>	<span style=\"background-color: rgb(245, 245, 245); color: rgb(51, 51, 51);\">&nbsp;&nbsp;&nbsp;4.电力设备商。</span>	</p><p>	<span style=\"background-color: rgb(245, 245, 245); color: rgb(51, 51, 51);\">&nbsp;&nbsp;&nbsp;5.电力施工单位。</span>	</p><p>	<span style=\"background-color: rgb(245, 245, 245); color: rgb(51, 51, 51);\">&nbsp;&nbsp;&nbsp;6.其他如建筑设计院，船舶厂等。</span>	</p><p>	<span style=\"background-color: rgb(245, 245, 245); color: rgb(51, 51, 51);\">&nbsp;&nbsp;电气自动化方向的就业：</span>	</p><p>	<span style=\"background-color: rgb(245, 245, 245); color: rgb(51, 51, 51);\">&nbsp;&nbsp;&nbsp;1.自动化生产线的安装、调试、维修。</span>	</p><p>	<span style=\"background-color: rgb(245, 245, 245); color: rgb(51, 51, 51);\">&nbsp;&nbsp;&nbsp;2.自动化生产线的操作使用、运行和维护。</span>	</p><p>	<span style=\"background-color: rgb(245, 245, 245); color: rgb(51, 51, 51);\">&nbsp;&nbsp;&nbsp;3.自动化设备生产过程的控制、编写程序。</span>	</p><p>	<span style=\"background-color: rgb(245, 245, 245); color: rgb(51, 51, 51);\">&nbsp;&nbsp;&nbsp;4.智能机器人的操作、调试和日常维护。</span>	</p><p>	<span style=\"background-color: rgb(245, 245, 245); color: rgb(51, 51, 51);\">&nbsp;&nbsp;&nbsp;5.智能建筑的电气施工、设备控制与检修。</span>	</p><p>	<span style=\"background-color: rgb(245, 245, 245); color: rgb(51, 51, 51);\">&nbsp;&nbsp;&nbsp;6.智能控制、计算机控制、高端制造。</span>	</p><p>	<span style=\"background-color: rgb(245, 245, 245); color: rgb(51, 51, 51);\">&nbsp;&nbsp;&nbsp;&nbsp;总之，一般来说电气工程及其自动化专业的学生毕业找工作都不难，工资一般都在刚开始可能5000左右，但是有经验之后，你可以考各种证件，每考一个证件你的工资就成倍增长，如果你考到注册电气工程师证，这辈子就吃喝不愁啦！</span></p>', 3, '2022-11-22 14:45:37', '2022-11-22 14:46:11');
INSERT INTO `news` VALUES (61, NULL, '商丘工学院章程', '2022-11-22', 4, '<p class=\"ql-align-center\"><span style=\"background-color: rgb(255, 255, 255); color: rgb(51, 51, 51);\">&nbsp;Www.Sqgxy.edu.cn</span></p><p class=\"ql-align-center\"><span class=\"ql-cursor\">﻿</span>(河南省教育厅2022年8月3日核准）</p><p class=\"ql-align-center\">序&nbsp;&nbsp;言</p><p><br></p><p>	商丘工学院是教育部批准设立的应用型民办本科高校。前身是商丘科技专修学院，2002年经河南省人民政府批准，在商丘科技专修学院基础上建立商丘科技职业学院，实施高等专科学历教育。2011年经教育部批准，在商丘科技职业学院基础上建立商丘工学院，实施普通本科学历教育。</p><p>&nbsp;&nbsp;&nbsp;&nbsp;&nbsp;&nbsp;学校办学以来，高举中国特色社会主义思想伟大旗帜，坚持中国共产党的领导，坚持社会主义办学方向，坚持教育公益性原则，对受教育者加强社会主义核心价值观教育，落实立德树人根本任务，为区域经济建设培养了德智体美劳全面发展的合格人才。</p><p class=\"ql-align-center\">	</p><p class=\"ql-align-center\"><strong>第一章&nbsp;总&nbsp;则</strong></p><p>	</p><p>&nbsp;&nbsp;&nbsp;&nbsp;&nbsp;第一条&nbsp;为建立现代大学制度，推进学校治理能力和治理体系现代化，促进商丘工学院依法治校、科学发展，根据《中华人民共和国教育法》《中华人民共和国高等教育法》《中华人民共和国民办教育促进法》《中华人民共和国民办教育促进法实施条例》等国家法律法规，参照《高等学校章程制定暂行办法》，制定本章程。</p><p>&nbsp;&nbsp;&nbsp;&nbsp;&nbsp;第二条&nbsp;学校名称、办学地址及法人属性</p><p>&nbsp;&nbsp;&nbsp;&nbsp;&nbsp;学校名称：商丘工学院</p><p>&nbsp;&nbsp;&nbsp;&nbsp;&nbsp;学校简称：商工</p><p>&nbsp;&nbsp;&nbsp;&nbsp;&nbsp;英文名称：Shangqiu Institute&nbsp;of&nbsp;Technology</p><p>&nbsp;&nbsp;&nbsp;&nbsp;&nbsp;法人属性：非营利性法人</p><p>&nbsp;&nbsp;&nbsp;&nbsp;&nbsp;学校网址：<a href=\"http://www.sqgxy.edu.cn/\" rel=\"noopener noreferrer\" target=\"_blank\" style=\"color: rgb(51, 51, 51);\">www.sqgxy.edu.cn</a></p><p>&nbsp;&nbsp;&nbsp;&nbsp;&nbsp;办学地址：河南省商丘市睢阳大道中段236号、商丘市阳光路188号</p><p>&nbsp;&nbsp;&nbsp;&nbsp;&nbsp;第三条&nbsp;办学方向、机构性质、发展定位、办学层次、办学类型、办学规模及办学形式</p><p>&nbsp;&nbsp;&nbsp;&nbsp;&nbsp;办学方向：坚持以习近平新时代中国特色社会主义思想为指导，坚持中国共产党的领导，坚持社会主义办学方向，坚持教育公益性原则，全面贯彻党的教育方针，落实立德树人根本任务，以人才培养、科学研究、社会服务、文化传承创新和国际交流与合作为基本职能，着力培养道德素质优良，理论基础扎实，具有实践能力、创新精神和吃苦奉献品质的德智体美劳全面发展的社会主义建设者和接班人。</p><p>&nbsp;&nbsp;&nbsp;&nbsp;学校性质：全日制民办普通本科高等学校。</p><p>&nbsp;&nbsp;&nbsp;&nbsp;&nbsp;发展目标定位：在河南省民办本科高校处于先进行列，在国内同类民办本科高校有一定影响、特色鲜明的应用型本科高校。</p><p>&nbsp;&nbsp;&nbsp;&nbsp;&nbsp;办学层次：以普通本科教育为主，争取开展专业硕士研究生教育。</p><p>&nbsp;&nbsp;&nbsp;&nbsp;&nbsp;办学规模：由省级教育行政部门核定。</p><p>&nbsp;&nbsp;&nbsp;&nbsp;&nbsp;办学形式：依法独立办学，享有独立法人财产权，经济独立核算。</p><p>&nbsp;&nbsp;&nbsp;&nbsp;&nbsp;第四条&nbsp;学科专业定位：以工学为主，工学、管理学、经济学、教育学、艺术学、医学等多学科协调发展的学科专业体系。</p><p>&nbsp;&nbsp;&nbsp;&nbsp;&nbsp;第五条&nbsp;学校对受教育者加强社会主义核心价值观教育，增强受教育者的社会责任感、创新精神和实践能力。进行爱国主义、集体主义、中国特色社会主义教育，进行理想、道德、纪律、法治、国防和民族团结教育。继承和弘扬中华优秀传统文化、革命文化、社会主义先进文化，吸收人类文明发展的一切优秀成果。弘扬“厚德精技、崇学尚行”的校训，深入构建和谐校园文化。</p><p>&nbsp;&nbsp;&nbsp;&nbsp;&nbsp;第六条&nbsp;学校根据国家法律和行政法规、规章以及本章程的规定，自主管理学校事务，任何单位和个人不得妨碍。学校有以下办学自主权：</p><p>（一）根据国家和社会需求、学校发展规划和办学条件，依据河南省教育厅核定的办学规模，自主制定招生方案，调节学科专业招生比例；</p><p>（二）自主设置学科、专业，按照国家学位条例授予相应学位；</p><p>（三）根据人才培养需要，制定人才培养方案，开展课程建设、教材建设、学科专业建设、教师队伍建设、基础设施建设等。自主确定学生考试考核评判标准；</p><p>（四）开展人才培养、科学研究、技术开发、联合办学、社会服务、文化传承创新、国际交流与合作活动；</p><p>（五）按照上级教育行政主管部门规定，学校实行校、院（部）两级管理的内部管理体制，自主设立二级学院，确定二级学院院长、副院长等领导职务及职数；</p><p>（六）本着科学、高效原则，依据学校规模自主确定教职工数量、校内学术组织、行政和党群组织机构编制和人员配备、调整津贴及工资分配；</p><p>（七）对国家提供的财产、财政性资助、受捐赠财产依法自主管理和使用；</p><p>（八）学校依法颁发学历证书和学位证书；</p><p>（九）法律、法规规定的其他办学自主权。</p><p>&nbsp;&nbsp;&nbsp;&nbsp;&nbsp;第七条&nbsp;学校依据法律、行政法规、国家有关规定、董事会章程履行下列义务：</p><p>（一）遵守国家法律和行政法规，贯彻党的教育方针，执行国家教育政策；</p><p>（二）依法保障党的政治核心作用发挥；</p><p>（三）维护学校、受教育者、教职工的合法权益；</p><p>（四）执行国家民办教育收费规定，实行收费项目和标准公开；</p><p>（五）履行人才培养、科学研究、社会服务、文化传承创新和国际交流与合作的各项基本职能；</p><p>（六）法律、行政法规、国家有关规定、董事会章程以及本章程规定的其他义务。</p><p class=\"ql-align-center\">	</p><p class=\"ql-align-center\"><strong>第二章&nbsp;举办者与董事会</strong></p><p>	</p><p>&nbsp;&nbsp;&nbsp;&nbsp;&nbsp;第八条&nbsp;学校举办人是丁华。举办者行使以下权利：</p><p>（一）根据国家教育发展规划，指导学校发展规划的制定，监督和规范学校办学行为，确保学校实施高等教育活动的公益性；</p><p>（二）依法制定学校章程，负责推选学校首届董事会的组成人员；</p><p>（三）依据法律、法规和学校章程规定的程序和要求参加或者委派代表参加董事会，并依据学校章程规定的权限行使相应的决策权、管理权；</p><p>（四）根据法律、行政法规的授权，对学校办学自主权使用不当的行为予以纠正和调整；</p><p>（五）根据学校发展实际情况调整教育资源配置；</p><p>（六）根据社会发展需求，推动学校教育体制改革；考核评估学校教育教学质量、科研水平；</p><p>（七）法律、行政法规授予举办者的其他权利。</p><p>&nbsp;&nbsp;&nbsp;&nbsp;&nbsp;第九条&nbsp;依据《中华人民共和国民办教育促进法》及《中华人民共和国民办教育促进法实施条例》，举办者应履行以下义务：</p><p>（一）制止任何单位或个人侵害或妨碍学校办学自主权的行为，为教育教学创造良好环境；</p><p>（二）保障学校办学条件符合国家规定标准。学校存续期间，不得抽逃资金，不得挪用学费收入；</p><p>（三）保障学校党组织贯彻党的教育方针；</p><p>（四）支持校长在法律、行政法规、规章制度、董事会章程明文规定的权限内行使行政领导权；</p><p>（五）举办者变更时，应当签订变更协议，但不得涉及学校的法人财产，也不得影响学校发展，不得损害师生权益；</p><p>（六）法律、行政法规规定举办者的其他义务。</p><p>&nbsp;&nbsp;&nbsp;&nbsp;&nbsp;第十条&nbsp;学校依法建立董事会，为学校最高决策机构，《董事会章程》由董事会另行制订。董事会由学校的举办者或者其代表、党组织负责人、校长和教职工代表等共同组成。其中三分之一以上的成员应当具有5年以上高等教育教学、管理经验。董事长由董事会全体会议选举产生。董事会可设名誉董事长、名誉董事若干名，由董事会聘请担任。董事会下设办公室，负责会议、联络和日常业务工作。</p><p>&nbsp;&nbsp;&nbsp;&nbsp;&nbsp;第十一条&nbsp;学校的董事会由5人以上组成，设董事长1人，副董事长、董事若干。董事长为学校的法定代表人。董事长、副董事长、董事任期为四年，可连选连任。董事长应当具有中华人民共和国国籍，具有政治权利和完全民事行为能力，在中国境内定居，品行良好，无故意犯罪记录或者教育领域不良从业记录。董事会组成人员按有关规定向审批机关备案。</p><p>&nbsp;&nbsp;&nbsp;&nbsp;&nbsp;第十二条&nbsp;董事会每年至少召开2次会议。经三分之一以上成员提议，可以召开董事会临时会议。董事会会议应由董事本人出席，董事因故不能出席，可以书面委托其他人代为出席，委托书中应注明授权范围。董事会会议应有三分之二以上成员出席方可举行。董事会会议由董事长负责召集并主持。董事长因特殊原因不能履行该项职责时，可指定其代表负责召集并主持。</p><p>&nbsp;&nbsp;&nbsp;&nbsp;&nbsp;第十三条&nbsp;董事会实行集体决策，采取一人一票和少数服从多数的原则，董事会的决议须经董事会三分之二以上组成人员的同意方可有效。</p><p>讨论下列重大事项，应当经三分之二以上董事会组成人员同意方可通过：</p><p>（一）变更举办者；</p><p>（二）聘任、解聘校长；</p><p>（三）修改学校章程；</p><p>（四）制定发展规划；</p><p>（五）审核预算、决算；</p><p>（六）决定学校的分立、合并、终止；</p><p>（七）学校章程规定的其他重大事项。</p><p>&nbsp;&nbsp;&nbsp;&nbsp;&nbsp;第十四条&nbsp;董事会的职责如下：</p><p>（一）选举产生董事长、副董事长，聘任名誉董事长、名誉董事，审议吸收新董事，任命董事会办公室主任。确定董事会的机构设置，制定、修改董事会章程以及董事会的其他各项规章制度；</p><p>（二）依法依规支持校党委开展工作；</p><p>（三）聘任和解聘学校校长，并决定校长的报酬。支持校长依法独立行使教育教学和行政管理职权，定期听取校长工作报告，对学校工作提出意见和建议；</p><p>（四）对学校章程、发展规划等重大事项进行研究和审议；</p><p>（五）为学校筹集教育发展基金和接受社会各界捐赠，提供符合标准的校舍和教育教学设施设备；</p><p>（六）审议学校经费收支预算、决算，有权对资金的使用提出质询和整改意见；</p><p>（七）决定学校工作人员的奖惩；</p><p>（八）在遵守法律法规前提下，对有利于学校发展和教职工利益的项目，经董事会集体研究，所需资金可部分从结余资金中支出或批准学校筹集资金解决；</p><p>（九）设立学校基础设施维修金，所需经费从学校收入中提取，可委托第三方负责管理和施工；</p><p>（十）依法制定学校的分立、合并、终止、变更、解散、清算方案，经审批机关批准后执行。</p><p class=\"ql-align-center\">	</p><p class=\"ql-align-center\"><strong>第三章&nbsp;党委、纪律检查委员会</strong></p><p>	</p><p>&nbsp;&nbsp;&nbsp;&nbsp;&nbsp;第十五条&nbsp;学校党组织是学校的政治核心，发挥政治引领作用、战斗堡垒作用和党员先锋模范作用。以政治建设为统领加强党的建设，贯彻党的教育方针，坚持社会主义办学方向，落实立德树人根本任务，坚持用习近平新时代中国特色社会主义思想为指导，教育引导教职员工和学生拥护中国共产党的领导，培育和践行社会主义核心价值观，通过加强党的建设保障学校健康发展。</p><p>&nbsp;&nbsp;&nbsp;&nbsp;&nbsp;第十六条&nbsp;中共商丘工学院委员会（以下简称校党委）由党员代表大会选举产生，每届任期5年，党组织关系隶属于中共河南省委教育工委。校党委依法建立健全议事规则，通过党委会、党政联席会行使职权。</p><p>&nbsp;&nbsp;&nbsp;&nbsp;&nbsp;&nbsp;第十七条&nbsp;学校党委的主要职责如下：</p><p>（一）保证政治方向。宣传执行党的理论和路线方针政策，宣传执行党中央、上级党组织和本组织的决议，引导学校全面贯彻党的教育方针，依法办学、规范办学、诚信办学，坚决反对否定和削弱党的领导。突出坚持马克思主义指导地位，落实意识形态工作责任制，把握党对意识形态工作的领导权、管理权、话语权；</p><p>（二）凝聚师生员工。把思想政治工作贯穿学校工作各层面， 贯穿教育教学全过程，密切联系、热忱服务师生员工，关心和维护他们的正当权益，统一思想、凝聚人心、化解矛盾、增进感情，激发教职工主人翁意识和工作热情；</p><p>（三）推动学校发展。支持学校董事会和校长依法依章行使职权，开展工作，参与学校改革发展稳定和事关师生员工切身利益的重大事项决策，帮助学校健全章程和各项管理制度，促进学校提高教育质量、培养合格人才；</p><p>（四）引领校园文化。坚持用社会主义核心价值观塑造校园文化，加强社会公德、职业道德、家庭美德，个人品德教育，开展精神文明创建活动，组织丰富多彩的文化活动，推动形成良好校风教风学风；</p><p>（五）参与人事管理和服务。主动联系、关心关爱教职工，调动教职工的积极性和创造性；</p><p>（六）加强自身建设。完善组织设置和工作机制，加强党组织班子成员和党务干部管理，认真贯彻民主集中制，强化党组织日常监督和党员民主监督，抓好党风廉政建设。领导学校工会、共青团等群团组织和教职工代表大会，做好统一战线工作。</p><p>&nbsp;&nbsp;&nbsp;&nbsp;&nbsp;第十八条&nbsp;党组织书记的产生。学校党委设书记1名、副书记若干名，书记由上级党组织选派产生，副书记由学校依照党章和基层组织工作条例选举产生。</p><p>&nbsp;&nbsp;&nbsp;&nbsp;&nbsp;第十九条&nbsp;学校党委书记应通过法定程序进入学校董事会。按照“一岗双责”要求，党委班子成员应按照学校章程进入行政管理层，党员校长、副校长等行政领导班子成员，可按照党内有关规定进入党委班子。</p><p>&nbsp;&nbsp;&nbsp;&nbsp;&nbsp;第二十条&nbsp;健全党委参与决策和监督制度。涉及党的建设、思想政治工作和德育工作等事项，由党委会议研究决定；涉及学校发展规划、重要改革、人事安排等重大事项，党委要参与讨论研究，经党委会议研究同意后再提交董事会作出决定；涉及教师引进、课程建设、教材选用、学术活动、对外交流等事项，党委把好政治关。建立健全党委与学校董事会、监事会日常沟通协商制度，以及党委与行政领导班子联席会议制度；强化党委对学校重要决策实施的监督，定期组织党员、教职工代表等听取校长工作报告以及学校重大事项情况通报。</p><p>&nbsp;&nbsp;&nbsp;&nbsp;&nbsp;第二十一条&nbsp;党组织机构设置。学校党委根据需要在学校二级单位建立党组织，监督党的教育方针贯彻落实，巩固马克思主义在学校意识形态领域的指导地位，加强思想政治引领，筑牢师生理想信念根基，保证教学科研管理等各项任务完成。</p><p>&nbsp;&nbsp;&nbsp;&nbsp;&nbsp;第二十二条&nbsp;党员发展和教育管理。加强党员队伍建设。做好发展党员工作，严格党的组织生活，规范党员组织关系管理，从严教育管理党员。</p><p>&nbsp;&nbsp;&nbsp;&nbsp;&nbsp;第二十三条&nbsp;思想政治教育和意识形态工作。加强思想政治教育和意识形态工作。党委领导学校思想政治工作，推动习近平新时代中国特色社会主义思想进校园进课堂进头脑，抓好学生德育工作，把思想政治教育融入学生学习生活各环节，促进全员全过程全方位育人，巩固学校思想文化和意识形态阵地。重视师德师风建设，加强思想政治工作队伍建设。</p><p>&nbsp;&nbsp;&nbsp;&nbsp;&nbsp;第二十四条&nbsp;健全党的工作部门。依法设立党委办公室、党委组织部、党委宣传部、党委统战部、党委学生工作部、党委教师工作部、党委保卫工作部（武装部）等。配备专兼职党务工作者，从事党的组织、宣传、统战等方面的工作。</p><p>&nbsp;&nbsp;&nbsp;&nbsp;&nbsp;第二十五条&nbsp;完善经费保障机制。要将党组织活动经费列入年度经费预算，保证必要支出。</p><p>&nbsp;&nbsp;&nbsp;&nbsp;&nbsp;第二十六条&nbsp;中共商丘工学院纪律检查委员会是学校党内监督机构，由党员大会或党员代表大会选举产生。在学校党委和上级纪律检查委员会领导下开展工作，负责维护党的章程和党内行政法规，坚持全面从严治党要求，对党员进行遵纪守法教育，检查学校各级党组织、党员贯彻党的路线方针政策和决议的情况，对党员领导干部行政权力进行监督。协助学校党委做好党风廉政建设工作，受理党员的控告和申诉，检查、处理党的组织和党员违反党章和其他党内法规的案件。</p><p>纪委书记、副书记由党员代表大会选举产生并报上级有关部门备案，每届任期5年。</p><p>&nbsp;&nbsp;&nbsp;&nbsp;&nbsp;第二十七条&nbsp;学校依法设立监事会。监事会应当有党的基层组织代表，且教职工代表不少于三分之一。监事会依据国家有关规定和学校章程对学校办学行为进行监督。学校董事会研究重大问题时应邀请监事会负责人列席参加。董事会组成人员及办学人近亲属不得兼任、担任监事会组成人员或者监事。监事会章程由监事会依法另行制定。</p><p class=\"ql-align-center\">	</p><p class=\"ql-align-center\"><strong>第四章&nbsp;校长及校长办公会</strong></p><p>	</p><p>&nbsp;&nbsp;&nbsp;&nbsp;&nbsp;第二十八条&nbsp;学校校长依法独立行使教育教学和行政管理职权。学校内部组织机构的设置及组织机构负责人任免方案由校长提出，报董事会批准。</p><p>&nbsp;&nbsp;&nbsp;&nbsp;&nbsp;第二十九条&nbsp;校长主要行使下列职权和义务：</p><p>（一）拟定学校发展规划、制定规章制度和工作计划并组织实施；</p><p>（二）组织开展人才培养、教学科研、学科专业建设、师资队伍建设、校园文化建设等活动；</p><p>（三）按照招生简章的承诺，开设相应课程，开展教育教学活动，保证教育教学质量；</p><p>（四）聘任与解聘教师及内部其他工作人员，依照法律、行政法规和学校规定对教职工和学生实施奖励或者处分；</p><p>（五）向董事会提出年度经费投向意见，执行董事会批准的经费预算，管理和保护学校资产；</p><p>（六）法律、行政法规和学校董事会授权的其他职权。</p><p>&nbsp;&nbsp;&nbsp;&nbsp;&nbsp;第三十条&nbsp;校长办公会由校长召集和主持，对学校行政工作重要事项进行处理和决策。校长不能与会时，由校长指定的副校长召集和主持。</p><p>&nbsp;&nbsp;&nbsp;&nbsp;&nbsp;校长办公会由校长、副校长、校长助理等组成，根据会议议事工作需要，议事工作相关部门负责人列席会议。</p><p class=\"ql-align-center\">	</p><p class=\"ql-align-center\"><strong>第五章&nbsp;教职员工</strong></p><p>	</p><p>&nbsp;&nbsp;&nbsp;&nbsp;&nbsp;第三十一条&nbsp;学校教职员工由教师、专业技术人员、管理人员和工勤人员等组成。学校聘任的教师或者教学人员应当具备相应的教师资格或者其他相应的专业资格、资质。</p><p>&nbsp;&nbsp;&nbsp;&nbsp;&nbsp;第三十二条&nbsp;学校教职员工按照工作岗位实行全员聘任制，学校自主招聘教职员工，应当与所招聘人员依法签订劳动或聘用合同，明确双方的权利和义务。学校聘任的专任教师，在合同中除依法约定必备条款外，应当对教师岗位及其职责要求、师德和业务考核办法、福利待遇、培训和继续教育等事项作出约定。学校聘任外籍人员，按照国家有关规定执行。</p><p>&nbsp;&nbsp;&nbsp;&nbsp;&nbsp;第三十三条&nbsp;学校建立教师培训制度，为受聘教师接受相应的思想政治培训和业务培训提供条件。</p><p>&nbsp;&nbsp;&nbsp;&nbsp;&nbsp;第三十四条&nbsp;学校依法保障教职工待遇，建立与学校发展水平相适应的收入分配机制，按时足额支付工资，足额缴纳社会保险费和住房公积金。从学费收入中提取一定比例建立专项资金，用于教职工职业激励或增加待遇保障。</p><p>&nbsp;&nbsp;&nbsp;&nbsp;&nbsp;第三十五条&nbsp;学校按照国家有关规定自主开展教师专业技术职务评聘。</p><p>&nbsp;&nbsp;&nbsp;&nbsp;&nbsp;第三十六条&nbsp;学校教职工依据法律、行政法规、规章以及本章程的规定享有下列权利：</p><p>（一）依法开展教学、科研和岗位要求的工作进行教育教学改革，参加学术团体，开展学术活动，开展工勤服务等；</p><p>（二）对学校的改革、建设和发展的重大事项提出意见和建议，参与民主管理；</p><p>（三）依照学校规定和工作需要，公平获得出国（境）、出校学习、交流机会。依法依规享有社会保险费和住房公积金的权利；按其工作职责和贡献业绩使用学校公共资源，依法取得相应薪酬；</p><p>（四）在工作业绩、工作能力等方面获得公正评价，公平获得各类奖励或荣誉称号；</p><p>（五）对岗位、职称、待遇、纪律处分等涉及其切身利益的相关决定表达异议，提出诉求并申请处理；</p><p>（六）法律、行政法规、规章、本章程及聘约合同的其他权利。</p><p>&nbsp;&nbsp;&nbsp;&nbsp;&nbsp;第三十七条&nbsp;学校教职工依据法律、行政法规、规章以及本章程的规定履行下列义务：</p><p>（一）遵守宪法、法律。热爱民办教育事业，加强个人修养，崇尚职业道德，为人师表，不断提高思想政治觉悟和业务水平。</p><p>（二）珍惜维护学校声誉，维护学校利益，弘扬学校精神，遵守学校各项管理制度。</p><p>（三）恪尽职守，勤奋工作，按时完成规定的教学、科研和岗位要求的工作任务。</p><p>（四）严谨治学，遵守学术规范，恪守学术道德，传播先进思想和文化。</p><p>（五）尊重和爱护学生，保护学生合法权益，促进学生全面发展。</p><p>（六）法律、行政法规、规章、本章程以及聘约合同的其他义务。</p><p>&nbsp;&nbsp;&nbsp;&nbsp;&nbsp;第三十八条&nbsp;学校制定人事管理制度和考核细则，对教职员工的思想政治觉悟、业务水平、工作态度、工作业绩和师德师风进行定期考核，考核结果作为任用、晋升和奖惩的依据。</p><p>学校重视师德建设，将师德师风评价纳入教师考核评价体系，并作为教职工绩效评价、聘任（聘用）、解聘和评先奖优的首要标准。</p><p>学校建立各类表彰奖励制度，对为国家及学校做出突出贡献的教职员工给予表彰、奖励。对违背学校制度规定和聘用合同约定的教职员工，依据有关规定给予相应处分。</p><p class=\"ql-align-center\">	</p><p class=\"ql-align-center\"><strong>第六章&nbsp;学&nbsp;生</strong></p><p>	</p><p>&nbsp;&nbsp;&nbsp;&nbsp;&nbsp;第三十九条&nbsp;学生是指被学校依法录取、取得入学资格，接受学校培养的受教育者（含与外校的交流生和国外的交流生）。</p><p>本章程规定的学生是指通过国家招考、正式录取并注册入学取得学籍的学生。</p><p>&nbsp;&nbsp;&nbsp;&nbsp;&nbsp;第四十条&nbsp;学生在校学习期间依法享有以下权利：</p><p>（一）公平接受学校教育、平等利用学校公共教育资源，以及学习生活所必需的基本条件保障；</p><p>（二）参加综合素质拓展、社会服务、勤工俭学，在校内组织参加学生团体及文娱体育等活动；</p><p>（三）公正获得学业成绩和思想品德评价。完成学校规定学业后获得相应的学历证书、学位证书。依据规定获得各级各类荣誉称号和奖励。按照党员发展程序，申请加入中国共产党；</p><p>（四）按照国家、省、市以及学校规定的标准和程序申请奖（助）学金、助学贷款；</p><p>（五）参与学校民主管理，对学校发展和教育教学改革建设提出意见、建议；</p><p>（六）对学校给予的处分或者处理有异议，对学校、教职工侵犯其人身权、财产权等合法权益提出申诉或者依法提起诉讼；&nbsp;&nbsp;</p><p>（七）法律、法规规定的其他权利。</p><p>&nbsp;&nbsp;&nbsp;&nbsp;&nbsp;第四十一条&nbsp;学生在校期间依法履行以下义务：</p><p>（一）遵守宪法、法律、法规；</p><p>（二）珍惜和爱护学校声誉，维护学校利益；遵守学校各项管理制度和学生行为规范；努力学习，完成规定学业；</p><p>（三）按规定缴纳学费及有关费用，履行获得资助所承诺的相应义务；</p><p>（四）爱护并合理使用教育教学设备和生活设施；</p><p>（五）法律、法规规定的其他义务。</p><p>&nbsp;&nbsp;&nbsp;&nbsp;&nbsp;第四十二条&nbsp;学校建立学生资助、奖励制度，并按照不低于当地同级同类公办高校的标准，从学费收入中提取相应资金用于资助、奖励学生。</p><p>&nbsp;&nbsp;&nbsp;&nbsp;&nbsp;第四十三条&nbsp;学校依法建立学籍和学生管理制度，并报主管部门备案。学校依法对学生进行管理、培养、奖惩及学位授予等，具体办法由学校或学校授权相关职能部门另行制定相关规定。</p><p>学校为学生提供勤工助学、社会实践、就业指导等服务，采取多种措施保证学生健康成长。</p><p>&nbsp;&nbsp;&nbsp;&nbsp;&nbsp;第四十四条&nbsp;学校建立学生投诉、申诉等权利保护机制，保障学生合法权益。</p><p>&nbsp;&nbsp;&nbsp;&nbsp;&nbsp;第四十五条&nbsp;学生会在法律、行政法规和国家相关规定的范围内制定章程并开展活动。</p><p>&nbsp;&nbsp;&nbsp;&nbsp;&nbsp;第四十六条&nbsp;学生可依法向学校申请成立学生社团，在法律、行政法规和国家相关规定的范围内制定章程并开展活动。</p><p>&nbsp;&nbsp;&nbsp;&nbsp;&nbsp;第四十七条&nbsp;学生在规定期限内完成学业并成绩达到规定要求的，学校予以发放毕业证书，符合学位授予条件的，授予其相应学位。</p><p class=\"ql-align-center\">	</p><p class=\"ql-align-center\"><strong>第七章&nbsp;学术组织</strong></p><p>	</p><p>&nbsp;&nbsp;&nbsp;&nbsp;&nbsp;第四十八条&nbsp;学校依法设立各种学术组织，管理和协调学校学术事务。学校根据需要依法设置学术委员会、教学指导委员会、职称评审委员会、学位评定委员会，其主要职责是：</p><p>（一）审议学科、专业设置；</p><p>（二）拟定人才培养规划，审议教学工作，确定学生培养方案，监控人才培养质量；</p><p>（三）评定教学、科研成果；</p><p>（四）评议教师学术成就，评审教师职称晋升；</p><p>（五）评定学生学位授予；</p><p>（六）受理学校内部学术争议，监督、检查或裁定师生员工学术不端行为；</p><p>（七）学校授权的其他学术事务。</p><p>&nbsp;&nbsp;&nbsp;&nbsp;&nbsp;第四十九条&nbsp;各学术组织的成员按照普遍性、代表性、权威性的原则，由爱岗敬业、具有良好职业道德修养、学术水平高且具有中级以上职称的教师组成。各学术组织的章程由各自组织制定并开展工作。</p><p class=\"ql-align-center\">	</p><p class=\"ql-align-center\"><strong>第八章&nbsp;教职工代表大会、群众团体组织</strong></p><p>	</p><p>&nbsp;&nbsp;&nbsp;&nbsp;&nbsp;第五十条&nbsp;学校成立教职工代表大会组织。学校教职工代表大会是全校教职工参与学校民主管理和监督的重要组织形式。学校建立申诉机制，保障教职工合法权益不受侵犯。</p><p>学校教职工代表大会具体设立办法、议事规则等由教职工代表大会依法依规另行制定。</p><p>&nbsp;&nbsp;&nbsp;&nbsp;&nbsp;第五十一条&nbsp;学校教职工代表大会代表由学校全体教职工依法选举产生，其职权是：</p><p>（一）听取学校章程草案的制定和修订情况报告，提出修改意见或建议；</p><p>（二）听取学校发展规划、教职工队伍建设、教育教学改革、校园建设以及其他重大改革和重大问题解决方案的报告，提出意见和建议；</p><p>（三）听取、审议学校年度工作、财务工作、工会工作报告等，提出意见和建议；</p><p>（四）审议与教职工切身利益相关的规章制度；</p><p>（五）审议上一届（次）教代会提案办理情况报告；</p><p>（六）通过多种方式对学校工作提出意见或建议，监督学校章程、规章制度和决策的落实，提出整改意见和建议；</p><p>（七）其他需要教代会处理的事项。</p><p>&nbsp;&nbsp;&nbsp;&nbsp;&nbsp;第五十二条&nbsp;学校工会是学校党委和上级工会组织领导下的教职工自愿参加的群众组织，按照《中华人民共和国工会法》和《中国工会章程》开展工作，承担与教职工代表大会相关的工作职责。</p><p>建立校、院（部）和行政处室两级基层工会组织。在工会组织中设立妇女工作委员会，做好与女教职工有关的工作。</p><p>&nbsp;&nbsp;&nbsp;&nbsp;&nbsp;第五十三条&nbsp;学生代表大会是学生参与学校民主管理和监督、维护学生合法权益的重要组织形式，按照有关规定开展活动。</p><p>&nbsp;&nbsp;&nbsp;&nbsp;&nbsp;第五十四条&nbsp;学校共青团在学校党委和上级团组织领导下按照《中国共产主义青年团章程》开展活动，发挥思想政治教育、科技文化艺术活动、开展大学生社会实践活动、青年志愿者服务活动等方面的组织引导作用。</p><p>学校共青团委员会根据工作需要，在各二级学院设分团委。</p><p>&nbsp;&nbsp;&nbsp;&nbsp;&nbsp;第五十五条&nbsp;学校关心下一代工作委员会是在学校党委领导下，发挥学校老同志作用，关心、教育、培养青年学生健康成长为目的的群众性组织，按照《中国关心下一代工作委员会工作条例》和《中共教育部党组关于加强教育系统关心下一代工作委员会建设的意见》开展活动。</p><p>&nbsp;&nbsp;&nbsp;&nbsp;&nbsp;第五十六条&nbsp;学校支持统一战线对象依法参加民主党派组织，通过适当方式参与学校民主管理、参政议政、民主监督。</p><p class=\"ql-align-center\">	</p><p class=\"ql-align-center\"><strong>第九章&nbsp;二级教学院（部）</strong></p><p>	</p><p>&nbsp;&nbsp;&nbsp;&nbsp;&nbsp;第五十七条&nbsp;学校依据学科和专业设立二级教学院（部），在学校授权范围内，依据相关规章制度，开展人才培养、学科专业建设、科学研究、学术交流等工作。二级教学院（部）的职权是：</p><p>（一）制定二级教学单位工作规划，管理内部人员；</p><p>（二）进行二级教学院（部）学科专业建设、师资队伍建设、课程建设、实施教学工作，开展科学研究和其他学术活动；</p><p>（三）管理和使用学校拨付的经费、设备及其他公共教育资源；</p><p>（四）行使学校授予的其他职权。</p><p>&nbsp;&nbsp;&nbsp;&nbsp;&nbsp;第五十八条&nbsp;二级教学院（部）设院长（主任）1人，为本院（部）行政负责人，可根据工作需要设副职若干人；设学生管理秘书、教学管理秘书各1人，协助院长（主任）履行职责。</p><p class=\"ql-align-center\">	</p><p class=\"ql-align-center\"><strong>第十章&nbsp;社会服务与交流合作</strong></p><p>	</p><p>&nbsp;&nbsp;&nbsp;&nbsp;&nbsp;第五十九条&nbsp;学校依法根据自身教育特色和优势，加强与地方政府、高等院校、社会团体、行业组织、科研院所以及企事业单位开展多种形式的合作。探索建立行业产业学院、企业冠名班等，深入推进校企合作、产教融合。利用民办高校灵活机制，积极为地方经济和社会发展提供服务。</p><p>&nbsp;&nbsp;&nbsp;&nbsp;&nbsp;第六十条&nbsp;学校积极开展国际国内教育教学合作，引进优质教育资源，与国内外知名高校和科研机构开展学术交流与合作。</p><p class=\"ql-align-center\">	</p><p class=\"ql-align-center\"><strong>第十一章&nbsp;经费、资产</strong></p><p>	</p><p>&nbsp;&nbsp;&nbsp;&nbsp;&nbsp;第六十一条&nbsp;学校经费来源主要包括学费收入、举办者投入、上级奖励收入、财政拨付投入和社会捐赠。</p><p>&nbsp;&nbsp;&nbsp;&nbsp;&nbsp;第六十二条&nbsp;学校建立办学成本核算制度，基于办学成本和市场需求等因素，遵循公平、合法和诚实信用原则，考虑经济效益和社会效益，合理确定收费项目和标准。学校收取费用、开展活动的资金往来，应当使用在有关主管部门备案的账户。</p><p>&nbsp;&nbsp;&nbsp;&nbsp;&nbsp;第六十三条&nbsp;学校依法接受的捐赠财产的使用和管理，依照有关法律、行政法规执行。</p><p>&nbsp;&nbsp;&nbsp;&nbsp;&nbsp;第六十四条&nbsp;学校坚持勤俭办学，建设节约型校园。按照“统一领导、集中管理、量入为出、收支平衡”的原则，合理使用并严格管理教育经费，加大教育投入。建立健全经济责任制、审计制和风险评判机制，保障资金安全运行。学校依照《中华人民共和国会计法》和国家统一的会计制度进行会计核算，编制财务会计报告。</p><p>&nbsp;&nbsp;&nbsp;&nbsp;&nbsp;第六十五条&nbsp;学校资产包括学校所有和使用的流动资产、固定资产、学校名义获得的知识产权、校名等无形资产。学校对全部资产享有法人财产权，依法享有自主使用和管理的权利。</p><p>&nbsp;&nbsp;&nbsp;&nbsp;&nbsp;第六十六条&nbsp;学校设立内部审计机构，依法对财产、财务活动进行审计和监督。在每个会计年度结束时，学校应当委托会计师事务所对年度财务报告进行审计。</p><p class=\"ql-align-center\">	</p><p class=\"ql-align-center\"><strong>第十二章&nbsp;学校标识</strong></p><p>	</p><p>&nbsp;&nbsp;&nbsp;&nbsp;&nbsp;第六十七条&nbsp;学校校徽为蓝色图形，由汉字“工”、数字“1”、书本三种元素组合而成一只飞翔的大雁。校徽配以中英文校名。整体寓意为：以工科为主的商丘工学院团结一心，五育并举，放眼世界，勇争第一，争做中国民办教育的领头雁。</p><p>&nbsp;&nbsp;&nbsp;&nbsp;&nbsp;学校徽章为教职工和学生佩戴的圆形校徽证章。</p><p>&nbsp;&nbsp;&nbsp;&nbsp;&nbsp;第六十八条&nbsp;学校校旗为长方形，上方为学校徽志图案，下方为中英文校名，颜色为红底黄字。</p><p>&nbsp;&nbsp;&nbsp;&nbsp;&nbsp;第六十九条&nbsp;学校校训：厚德精技，崇学尚行。</p><p>&nbsp;&nbsp;&nbsp;&nbsp;&nbsp;第七十条&nbsp;学校校庆日为每年5月25日。</p><p class=\"ql-align-center\">	</p><p class=\"ql-align-center\"><strong>第十三章&nbsp;变更与终止</strong></p><p>	</p><p>&nbsp;&nbsp;&nbsp;&nbsp;&nbsp;第七十一条&nbsp;学校变更名称、层次及其他重要事项的，经学校董事会决议通过并报审批机关批准；变更举办者的，由举办者提出申请，在进行财务清算后，经学校董事会通过，报审批机关核准。</p><p>&nbsp;&nbsp;&nbsp;&nbsp;&nbsp;第七十二条&nbsp;学校法定代表人的变更，由学校董事会研究决定，按照规定进行有关备案。</p><p>&nbsp;&nbsp;&nbsp;&nbsp;&nbsp;第七十三条&nbsp;学校校长的变更，由学校董事会同意后予以聘任，按要求向审批机关申请换发办学许可证，并进行有关备案。涉及登记事项变更的，到原登记机关办理变更登记。</p><p>&nbsp;&nbsp;&nbsp;&nbsp;&nbsp;第七十四条&nbsp;发生下列情况之一时，报审批机关批准，学校自行终止：</p><p>（一）学校因资金发生严重困难，资不抵债，无法继续办学，向人民法院申请破产清算；</p><p>（二）因自然灾害、战争等人力不可抗拒的事件发生，学校遭受严重损失，无法继续坚持办学；</p><p>（三）被吊销办学许可证；</p><p>（四）因其他重大原因，经董事会一致同意终止。</p><p>&nbsp;&nbsp;&nbsp;&nbsp;&nbsp;第七十五条&nbsp;学校终止前，应提前6个月发布拟终止公告，依法依章程制定终止方案。在审批机关或有关机关指导下成立清算组织，清理债权债务，处理善后事宜。清算期间，不得开展清算以外的活动。学校终止后财产按照下列顺序清偿：</p><p>（一）应退受教育者剩余的学费、杂费和其他费用；</p><p>（二）应发教职工依法规定的工资及应缴纳的社会保险等费用；</p><p>（三）学校清偿上述债务后的剩余财产，在审批机关和登记机关的监督下，按照有关法律、行政法规的规定处理。</p><p>&nbsp;&nbsp;&nbsp;&nbsp;&nbsp;第七十六条&nbsp;学校自完成清算并经审批机关审查同意，由审批机关收回办学许可证和销毁印章，并自收缴办学许可证之日起，向河南省民政厅办理注销登记。学校自省民政厅发出注销登记证明文件之日并予以公告后，即为终止。</p><p class=\"ql-align-center\">	</p><p class=\"ql-align-center\"><strong>第十四章&nbsp;章程修订</strong></p><p>	</p><p>&nbsp;&nbsp;&nbsp;&nbsp;&nbsp;第七十七条&nbsp;本章程由学校董事会负责解释和修订。</p><p>&nbsp;&nbsp;&nbsp;&nbsp;&nbsp;第七十八条&nbsp;学校举办者或其代表提议、或者董事长提议、或者1/3以上学校董事会成员提议，经董事会会议决议通过后，可以启动章程修订工作。</p><p>&nbsp;&nbsp;&nbsp;&nbsp;&nbsp;第七十九条&nbsp;章程修订工作启动后，由董事会按照民主、公开的原则，成立专门修订组织开展章程修订工作，并事先公告；章程修订过程中，应与举办者或其代表、董事会成员、监事会成员、党委行政有关部门充分沟通协商，应在校内外公开听取意见；应由章程专门修订组织拟订章程修订案。</p><p>&nbsp;&nbsp;&nbsp;&nbsp;&nbsp;第八十条&nbsp;章程修订案提交学校党政联席会审议讨论通过后，由学校董事会会议表决审定，报省级教育行政部门核准后生效，向社会公示。</p><p class=\"ql-align-center\">	</p><p class=\"ql-align-center\"><strong>第十五章&nbsp;附 则</strong></p><p>	</p><p>&nbsp;&nbsp;&nbsp;&nbsp;&nbsp;&nbsp;第八十一条&nbsp;本章程是学校的根本制度，是学校实行依法治校、实施自主办学的基本依据。全校各级各类组织机构、管理人员、教职员工、学生，都必须以本章程为教育教学和管理等活动的根本准则，并且负有维护章程尊严、保证章程实施的职责。</p><p>&nbsp;&nbsp;&nbsp;&nbsp;&nbsp;第八十二条&nbsp;本章程所称“以上”均含本数。</p><p>&nbsp;&nbsp;&nbsp;&nbsp;&nbsp;第八十三条&nbsp;本章程中如有与国家法律、法规和有关规范性文件的强制性规定相抵触时，以国家法律、法规和规范性文件的强制性规定为准。</p><p>&nbsp;&nbsp;&nbsp;&nbsp;&nbsp;第八十四条&nbsp;本章程未尽事宜，按相关法律、法规规定办理。</p><p>&nbsp;&nbsp;&nbsp;&nbsp;&nbsp;第八十五条&nbsp;本章程自发布之日起施行。</p>', 2, '2022-11-22 15:35:04', '2022-11-23 19:07:37');
INSERT INTO `news` VALUES (62, NULL, '学院风纪', '2022-11-22', 3, '<p>	商丘工学院（Shangqiu Institute of Technology），位于<a href=\"https://baike.baidu.com/item/%E6%B2%B3%E5%8D%97%E7%9C%81/59474?fromModule=lemma_inlink\" rel=\"noopener noreferrer\" target=\"_blank\" style=\"color: black;\">河南省</a><a href=\"https://baike.baidu.com/item/%E5%95%86%E4%B8%98%E5%B8%82/566392?fromModule=lemma_inlink\" rel=\"noopener noreferrer\" target=\"_blank\" style=\"color: black;\">商丘市</a>，是经<a href=\"https://baike.baidu.com/item/%E6%95%99%E8%82%B2%E9%83%A8?fromModule=lemma_inlink\" rel=\"noopener noreferrer\" target=\"_blank\" style=\"color: black;\">教育部</a>批准的一所地方性、应用型省属民办普通本科高校。学校始建于1994年，2011年4月，经教育部批准，在原商丘科技职业学院基础上建立商丘工学院，实施全日制普通本科教育。商丘工学院作为河南省示范高校坚持贯彻“厚德精技，崇学尚行，以培养学生胸怀开阔，宽厚包容，基础扎实，技能精湛；尊崇教学，尊重教师，注重实践，尊重创新，鼓励师生博学笃行，报效祖国为总体目标，牢固树立和全面落实科学发展观，狠抓常规管理，积极推进课程改革，加强教育科研，全面推进素质教育，提高教育教学质量，为彻底解决教风、学风、考风等校风校纪方面存在的突出问题，净化校园环境，建设优良秩序，以“塑造教师形象，塑造教育形象，办让人民满意教育”为宗旨，着力校风校纪整治，重视师德师风建设，长抓不懈，取得良好成效。</p>', 6, '2022-11-22 18:10:38', '2022-11-23 19:06:32');
INSERT INTO `news` VALUES (63, NULL, '学习建设', '2022-11-22', 3, '<p>	为使教师理想信念和宗旨观念增强，学校组织老师定期学习，狠抓政治学习的自学性、经常性和实效性，在身体力行上不断有新进步，在推动工作上不断有新进展。在全体老师中倡导不计个人得失的奉献精神，不甘人后的进取精神，爱校如家的主人翁精神，高质量服务的敬业精神，终身学习的钉子精神。同时定期组织教师生活会和教工座谈会，密切联系群众，接受群众监督，集思广益，群策群力办好学校。开展教师“扶贫”活动，实行“一对一”结对求助，每名教师负责帮教一名“精神贫困生”或“经济贫困生”。进一步健全学校管理制度，细化工作目标，明确工作责任，做到管理有章可循，定期考评，奖惩分明。牢固树立“以人为本”的管理理念，建立健全民主、科学的管理机制，完善学校决策、处室督办、班主任落实的工作格局。在落实上下功夫，提高工作效率。把“团结、务实、高效、奉献”作为对每个行政干部的基本要求，落实领导干部包班蹲点制度和责任追究制度，不断改进工作作风，提高管理水平。</p>', 7, '2022-11-22 18:10:56', '2022-11-23 19:06:24');
INSERT INTO `news` VALUES (64, NULL, '考风考纪', '2022-11-22', 2, '<p>	为进一步激发学生学习的积极性与主动性，推动学院学风、考风建设再上新台阶，严肃考风考纪。12月10日晚，信息与电子工程学院2022—2023学年第一学期诚信考试月动员会在明德讲堂召开，院长李文江、党总支书记张广勇、副院长马玉芳、徐忠根、刘静，教学秘书王垒，分团委书记彭敏出席此次动员会，各班级学生代表300余人参加。会议由副院长徐忠根主持。</p><p>	会上，张书记宣读《信息与电子工程学院2022—2023学年第一学期诚信考试月活动方案》。张书记分别从指导思想、活动目的、活动时间、活动安排、总结表彰、工作要求等方面进行详细的介绍。张书记强调，加强考试管理，严肃考风考纪，任何作弊行为零容忍，期末考试是对同学们本学期考试的检验，希望同学们能够认真备考，诚信应考，发挥自己正常水平考出好成绩。</p><p>	随后，学生代表孟晴宣读《诚信考试倡议书》。她指出，认真努力，积极迎考，自觉自律，维护考场纪律，拒绝违纪作弊。</p><p>	最后，李院长做重要讲话。他指出，学院高度重视诚信考试月工作，全院师生要进一步加强诚信考试教育，完善考试制度体系，营造诚信考试氛围；要进一步净化考试环境，维护考试的权威性和公信力；要努力实现“不敢作弊、不能作弊、不想作弊”的“诚信考试”目标，确保期末各项考试工作有序进行。</p><p>	在期末考来临之际，本次动员会的成功举行不仅增强同学们诚信考试意识，营造了浓厚的学习氛围，也为营造一个公平、公正的考试环境奠定了坚实的基础。</p>', 8, '2022-11-22 18:11:22', '2022-11-23 18:56:19');
INSERT INTO `news` VALUES (66, NULL, '商丘工学院2022 年下半年大学生“创新杯”学科竞赛 —Web 开发设计大赛方案', '2022-11-22', 2, '<h2>一、组织单位 </h2><ol><li>主办单位：教务处 </li><li>承办单位：信息与电子工程学院</li></ol><h2>二、参赛对象 </h2><ol><li>主要针对计算机类专业的学生，信息与电子工程学院其他专 业学生自愿参加，全校感兴趣的同学均可参加。 </li></ol><h2>三、比赛内容及要求 </h2><p>（一） 竞赛方式：初赛、决赛的方式，以团队的形式参与 （每组不超过 5 人）。 </p><p>（二） Web 作品即可以采用纯 HTML 语言，也可以结合 ASP ASP.NET、PHP、JSP 等技术。 </p><p>（三） 评分标准 本次比赛共分三部分，第一部分为页面风格，占总分值的 30%，即 30 分，第二部分为技术规范，占总分值的 40%，即 40 分，第三部分为内容属性，占总分值的 30%，即 30 分。</p><h2>四、比赛形式 </h2><p>（一） 参赛选手于比赛结束后需提交项目文件，统一进行 评比。 </p><p>（二） 比赛准备阶段设教师指导环节，为参赛选手进行操 作指导，及时解决软件开发过程中出现的问题。 </p><h2>五、比赛流程 </h2><p>（一）宣传动员报名阶段（2022 年 11 月 15 日-11 月 27 日） </p><ol><li>通知下发比赛方案，布置相关事宜； </li><li>各学院制作海报、展板，营造比赛氛围，充分调动学生参 赛的积极性。 3.11 月 27 日 6 点前，以学院为单位将参赛选手的报名信息 汇总并报送至李海芳老师处，办公室：育苑楼 7D240，联系电话： 17737042171，电子邮箱：1150531654@qq.com。 </li></ol><p>（二）初赛阶段（2022 年 12 月 3 日） </p><ol><li>比赛地点:数据库开发实验室(16202)、WEB 应用开发实验室 (16203)</li><li> 比赛时间：8:30-11:30 </li></ol><p>（三）决赛阶段（2022 年 12 月 10 日） </p><ol><li>比赛地点:数据库开发实验室(16202)、WEB 应用开发实验室 (16203) </li><li>比赛时间：8:30-11:30 </li></ol><h2>六、奖项设置 </h2><ol><li>一等奖 2 人：颁发证书并奖励奖金 200 元/人 </li><li>二等奖 4 人：颁发证书并奖励奖金 100 元/人 </li><li>三等奖 6 人：颁发证书并奖励奖金 50 元/人 </li><li>优秀奖若干名：颁发证书 </li><li>优秀指导教师 2 名：颁发证书并发放奖品</li></ol><p><br></p>', 1, '2022-11-22 18:22:59', '2022-11-23 18:54:52');
INSERT INTO `news` VALUES (67, NULL, '商丘工学院 2022 年下半年大学生“创新杯”学科竞赛—Web 开发设计大赛方案', '2022-11-22', 11, '<h1>一、组织单位 </h1><ol><li>主办单位：教务处 </li><li>承办单位：信息与电子工程学院</li></ol><h1>二、参赛对象 </h1><ol><li>主要针对计算机类专业的学生，信息与电子工程学院其他专 业学生自愿参加，全校感兴趣的同学均可参加。 </li></ol><h1>三、比赛内容及要求 </h1><p>（一） 竞赛方式：初赛、决赛的方式，以团队的形式参与 （每组不超过 5 人）。 </p><p>（二） Web 作品即可以采用纯 HTML 语言，也可以结合 ASP ASP.NET、PHP、JSP 等技术。 </p><p>（三） 评分标准 本次比赛共分三部分，第一部分为页面风格，占总分值的 30%，即 30 分，第二部分为技术规范，占总分值的 40%，即 40 分，第三部分为内容属性，占总分值的 30%，即 30 分。</p><h1>四、比赛形式 </h1><p>（一） 参赛选手于比赛结束后需提交项目文件，统一进行 评比。 </p><p>（二） 比赛准备阶段设教师指导环节，为参赛选手进行操 作指导，及时解决软件开发过程中出现的问题。 </p><h1>五、比赛流程 </h1><p>（一）宣传动员报名阶段（2022 年 11 月 15 日-11 月 27 日） </p><ol><li>通知下发比赛方案，布置相关事宜； </li><li>各学院制作海报、展板，营造比赛氛围，充分调动学生参 赛的积极性。 3.11 月 27 日 6 点前，以学院为单位将参赛选手的报名信息 汇总并报送至李海芳老师处，办公室：育苑楼 7D240，联系电话： 17737042171，电子邮箱：1150531654@qq.com。 </li></ol><p>（二）初赛阶段（2022 年 12 月 3 日） </p><ol><li>比赛地点:数据库开发实验室(16202)、WEB 应用开发实验室 (16203)</li><li> 比赛时间：8:30-11:30 </li></ol><p>（三）决赛阶段（2022 年 12 月 10 日） </p><ol><li>比赛地点:数据库开发实验室(16202)、WEB 应用开发实验室 (16203) </li><li>比赛时间：8:30-11:30 </li></ol><h1>六、奖项设置 </h1><ol><li>一等奖 2 人：颁发证书并奖励奖金 200 元/人 </li><li>二等奖 4 人：颁发证书并奖励奖金 100 元/人 </li><li>三等奖 6 人：颁发证书并奖励奖金 50 元/人 </li><li>优秀奖若干名：颁发证书 </li><li>优秀指导教师 2 名：颁发证书并发放奖品</li></ol><p><br></p>', 9, '2022-11-22 18:25:07', '2022-11-23 18:55:49');
INSERT INTO `news` VALUES (68, NULL, '商丘工学院关于举办 2022 年下半年大学生“创新杯”学科 竞赛系列活动的通知', '2022-11-22', 1, '<p>全校各单位： </p><p>        为营造良好的学习氛围和科技创新环境，强化学生的科技创新意 识，锻炼和提高学生的实践动手能力。学校决定举办 2022 年下半年 大学生“创新杯”学科竞赛系列活动。现将有关事项通知如下： </p><h2>一、指导思想 </h2><ol><li>引导和激励我校大学生积极参与学科竞赛和科技创新活动，提高 实践能力和创新意识，培养团队协作精神，全面提高人才培养质量。 </li></ol><p>二、竞赛项目 </p><p class=\"ql-indent-1\">1.无人机结构设计竞赛 </p><p class=\"ql-indent-1\">2.应急救援机械创新设计大赛 商 丘 工 学 院 商工行〔2022〕296 号 </p><p class=\"ql-indent-1\">3.金相技能大赛 </p><p class=\"ql-indent-1\">4.“西门子杯”智能制造挑战赛 </p><p class=\"ql-indent-1\">5.智能产品设计大赛 </p><p class=\"ql-indent-1\">6.数字化设计与精密制造大赛 </p><p class=\"ql-indent-1\">7.未来汽车人机交互应用大赛 </p><p class=\"ql-indent-1\">8.大学生“幸福生活-今天和明天”校园机械结构设计大赛 </p><p class=\"ql-indent-1\">9.机器人机械结构创新设计及制造大赛 </p><p class=\"ql-indent-1\">10.游戏开发电子设计大赛 </p><p class=\"ql-indent-1\">11.电子线路 CAD 大赛 </p><p class=\"ql-indent-1\">12.“疫散花开，筑梦向前”插花花艺大赛 </p><p class=\"ql-indent-1\">13.工程造价技能大赛 </p><p class=\"ql-indent-1\">14.创意设计花样砌筑大赛 </p><p class=\"ql-indent-1\">15.大学生建筑结构模型方案创意设计与制作竞赛 </p><p class=\"ql-indent-1\">16.地质技能大赛 17.建造模型挡土墙大赛 </p><p class=\"ql-indent-1\">18.建筑节能与减排创意方案设计大赛 </p><p class=\"ql-indent-1\">19.山区公路路线方案评价及优化分析大赛 </p><p class=\"ql-indent-1\">20.无人机倾斜摄影测量三维建模及制图</p><p class=\"ql-indent-1\">21.周培源大学生力学竞赛 </p><p class=\"ql-indent-1\">22.ACM 程序设计大赛 </p><p class=\"ql-indent-1\">23.移动通信 5G 技术竞赛 </p><p class=\"ql-indent-1\">24.Web 开发设计大赛 </p><p class=\"ql-indent-1\">25.营销信息系统分析与设计大赛 </p><p class=\"ql-indent-1\">26.基于单片机的应用创新设计大赛 </p><p class=\"ql-indent-1\">27.电机控制系统仿真设计大赛 </p><p class=\"ql-indent-1\">28.大数据采集挑战赛 </p><p class=\"ql-indent-1\">29.PLC 综合应用设计大赛 </p><p class=\"ql-indent-1\">30.算法与程序设计竞赛 </p><p class=\"ql-indent-1\">31.企业流程改善的数字化建模分析大赛 </p><p class=\"ql-indent-1\">32.大数据财务分析 </p><p class=\"ql-indent-1\">33.大学生创业投融资素养大赛 </p><p class=\"ql-indent-1\">34.统计建模大赛 </p><p class=\"ql-indent-1\">35.电子商务“创新、创意及创业”大赛 </p><p class=\"ql-indent-1\">36.大学生金融产品创意设计大赛 </p><p class=\"ql-indent-1\">37.大学生金融精英挑战赛 </p><p class=\"ql-indent-1\">38.供应链运营管理创新大赛 </p><p class=\"ql-indent-1\">39.智慧物流规划设计大赛 </p><p class=\"ql-indent-1\">40.大学生创业综合模拟大赛 </p><p class=\"ql-indent-1\">41.风景园林设计大赛 </p><p class=\"ql-indent-1\">42.“创意之星”河南文化创意设计大赛 </p><p class=\"ql-indent-1\">43.“礼遇河南”大学生工业设计大赛 </p><p class=\"ql-indent-1\">44.“学习筑梦”大学生微课视频制作大赛 </p><p class=\"ql-indent-1\">45.“匠心巧手，玩教一体”自制教（玩）具比赛 </p><p class=\"ql-indent-1\">46.书香溢校园，诗韵润初心—大学生诗词竞答大赛 </p><p class=\"ql-indent-1\">47.“蔚蓝地球家园、绿色生态中国”原创绘本设计竞赛 </p><p class=\"ql-indent-1\">48.“生命至上，终结艾滋”知识竞赛 </p><p class=\"ql-indent-1\">49.产科临床技能操作大赛 </p><p class=\"ql-indent-1\">50.无菌技术操作大赛 </p><p class=\"ql-indent-1\">51.穿脱无菌手术衣与无菌手套操作比赛 52.骨折的急救处理技能大赛 </p><p class=\"ql-indent-1\">53.海姆立克急救法技能操作 </p><p class=\"ql-indent-1\">54.英语演讲比赛 </p><p class=\"ql-indent-1\">55.“讲好河南故事”英语竞赛 </p><p class=\"ql-indent-1\">56.高等数学竞赛 </p><p class=\"ql-indent-1\">57.大学物理（力学）竞赛 </p><p class=\"ql-indent-1\">58.“挑战杯”中国大学生创业计划大赛 </p><h2>三、工作要求 </h2><p class=\"ql-indent-1\">1.各学院要加强商丘工学院“创新杯”学科竞赛活动的组织领导 动员工作，根据竞赛方案，积极组织本学院学生参加相应的竞赛活动。 </p><p class=\"ql-indent-1\">2.竞赛活动的承办院（部）要做好竞赛的组织、服务和督导工作。 </p><p class=\"ql-indent-1\">3.各学院教学秘书、学管秘书和各竞赛负责人要加入商工创新杯 学科竞赛 QQ 群：837468846，务必关注群消息。</p><p class=\"ql-indent-1\">4.各竞赛负责人，依据竞赛方案开展活动，对接各院部新闻记者 团进行校官网宣传报道；如竞赛时间、地点发生变化，须及时通知教 务处。</p><p class=\"ql-indent-1\"> 注：开展比赛未进行宣传报道，不予认定工作量，由此造成的后 果由竞赛负责人承担。 </p><p class=\"ql-indent-1\">5.各项竞赛活动决赛前须将学生参赛报名表电子版（附件 59）发 送至教务处。 </p><p class=\"ql-indent-1\">6.竞赛活动结束后，竞赛负责人需上报竞赛宣传报道（校官方网 站）截图、竞赛现场照片、获奖名单、证书扫描件、总结等材料，并 做好荣誉证书的打印和发放工作。</p><h2>四、联系方式 </h2><p class=\"ql-indent-1\">联 系 人：</p><ol><li class=\"ql-indent-1\">邬康康 联系电话：0370—3020661 15713643516</li><li class=\"ql-indent-1\">邮 箱：1751620983@qq.com</li></ol><p><br></p>', 13, '2022-11-22 18:34:31', '2022-11-22 18:45:20');
INSERT INTO `news` VALUES (69, NULL, '商丘工学院 2022 年下半年大学生“创新杯”学科竞赛 —营销信息系统分析与设计大赛方案', '2022-11-22', 2, '<h2> 一、组织单位 </h2><ol><li>主办单位：教务处 </li><li>承办单位：信息与电子工程学院 </li></ol><h2>二、参赛对象 </h2><p>参赛对象为全日制在校本、专科生。同时具备下列条件之一 可报名参赛： </p><ol><li>具备数据搜集与数据分析能力的学生。 </li><li>具备网站设计实践能力的学生。</li><li>具备信息营销知识能力的学生。 </li><li>具有创新创业思维意识的学生。 </li></ol><h2>三、比赛内容及要求 </h2><p>（一）竞赛方式：团体赛，每队成员 4-5 人，本赛分营销信 息搜集、整理与分析、营销方案制定、营销管理信息系统设计三 个部分。 </p><p>（二）本比赛主要包括数据的搜集整理与分析、信息数据库 的建立与维护、网站设计与开发、方案策划与信息决策等相关知 识及其应用，主要用到信息检索、管理统计学、网站开发、电子 - 85 - 商务、市场营销及管理信息系统等专业知识的学习与应用。 </p><p>（三）评分标准 1、营销信息的搜集、整理与分析占比 30%，即 30 分；信息 营销方案策划占比 30%，即 30 分；营销管理信息系统的设计占 比 40%，即 40 分。</p><h2>四、比赛形式 </h2><p>（一）比赛共分为四个阶段，首先选择目标市场，确定市场 - 86 - 规划和营销计划，组织进行营销信息搜集、整理与分析，全面掌 握市场现状，建立信息数据库。其次，通过对市场信息、客户、 竞争对手及外部环境等数据和信息的分析研究，设计营销信息管 理流程、形成信息营销分析报告，提高信息的利用效率和营销价 值；再次，基于信息营销的视角，对营销管理信息系统进行分析 与设计。参赛选手需在规定时间内完成以上过程，每名参赛选手 最多只能参与两个团队。 </p><p>（二）比赛准备阶段需指导教师为参赛选手进行操作指导， 及时解决数据分析、信息营销策划及营销管理信息系统设计过程 中出现的问题。 </p><h2>五、比赛流程 </h2><p>（一）宣传动员报名阶段（2022 年 9 月 23 日-10 月 20 日） 1.通知下发比赛方案，动员学生积极参加； 2.10 月 20 日下午 6 点前，以班级为单位将参赛选手的报名 信息汇总并报送至王柯梦老师处，办公室：7B213，联系电话： 15836812601，电子邮箱：1027996842@qq.com。 </p><p>（二）作品提交及初评阶段（2022 年 11 月 1 日-11 月 16 日） 比赛地点：7B212 比赛时间：14：30-16：30（11 月 16 日） （三）作品决赛阶段（2022 年 11 月 30 日） 比赛地点：WEB 应用开发实验室（16203） 比赛时间：14：30-16：30</p><h2>六、奖项设置 </h2><ol><li>一等奖 2 组：颁发证书并奖励奖金 200 元/组 </li><li>二等奖 4 组：颁发证书并奖励奖金 100 元/组 </li><li>三等奖 8 组：颁发证书并奖励奖金 50 元/组 </li><li>优秀奖若干组：颁发证书 </li><li>优秀指导教师 2 名：颁发证书及发</li></ol>', 9, '2022-11-22 18:39:14', '2022-11-22 18:44:25');
INSERT INTO `news` VALUES (70, NULL, '商丘工学院 2022 年下半年大学生“创新杯”学科竞赛 —基于单片机的应用创新设计大赛方案', '2022-11-22', 1, '<h1>一、组织单位 </h1><ol><li>主办单位：教务处 </li><li>承办单位：信息与电子工程学院 </li></ol><h1>二、参赛对象 </h1><p>参赛对象为全日制在校本、专科生。</p><p>同时具备下列条件可报 名参赛： </p><p>（一）具备一定的电工、模拟电子、数字电子、电子元件识 别与检测等电子技术知识和基本操作技能； </p><p>（二）具备基本的C 语言程序设计能力和利 Protell99se\\Altium Designer\\Proteus 绘制原理图； </p><p>（三）掌握KEIL 和Proteus 仿真技术。 </p><h1>三、比赛内容及要求 </h1><p>（一）竞赛方式：分作品设计与制作、作品现场演示与评比 两个阶段。 </p><p>（二）本比赛主要是包括模拟电路、数字电路、传感器及单 片机等相关知识及其应用；主要用到C 语言编程方法及应用；常 见单片机控制系统的开发软件的使用。 </p><p>（三）比赛题目：提供可参考题目，学生也可以自选，但限 - 89 - 制选手购买套件组装，参赛作品必须有自己的独立原创部分； </p><p>（四）主要考查学生利用专业知识独立设计与调试智能控制 系统的能力、分析问题和解决问题能力、创新能力。 </p><p>（五）评分标准 1.总体硬件设计：40%；软件编程和功能实现：40%；现场演 示与答辩：20%。违反竞赛规则，提前操作的，扣5-10 分；剽窃 他人成果的，经确认后，按0 分计；现场操作未实现相应的功能， 按照缺失功能扣分。 2.竞赛设立评委会，至少由5 名评委（含2 名专业副高级及 以上职称教授），各位评审员对每个设计作品根据制定的评分标 准进行打分，由总分数决定该作品的最后成绩。</p><h1> 四、比赛形式 </h1><p>（一）单片机芯片任选，竞赛时选手需要在规定时间内，采 用选定的仿真平台，完成硬件电路设计和程序编程调试和开发任 务。 </p><p>（二）比赛准备阶段设教师指导环节，为参赛选手进行操作 指导，及时解决电路设计过程中出现的问题。 </p><p>（三）选手在规定时间内，完成硬件的焊接与调试，确保所 设计功能正常实现。 </p><h1>五、比赛流程 </h1><h2>（一）宣传动员报名阶段（2022年10月10日-11月10日） </h2><ol><li>.通知下发比赛方案，动员学生积极参加； -</li><li>.各学院制作海报、展板，营造比赛氛围，充分调动学生参 赛的积极性; </li><li>11月20日18点前，以学院、班级为单位将参赛选手的报名 信息汇总并报送至张德喜老师处，办公室：育苑7D546，联系电 话：15896925363，电子邮箱：2049168970@qq.com。</li></ol><h2>（二）初赛阶段（2022年12月3日） </h2><ol><li>比赛地点：单片机原理及应用实验室（50809） </li><li>比赛时间：上午9:00-12:00 学生也可自主选择在其他地方完成作品设计与制作 </li></ol><h2>（三）决赛阶段现场作品演示与评比阶段（2022年12月10日） </h2><ol><li>比赛地点：单片机原理及应用实验室（50809）</li><li>比赛时间：上午9:00-12:00 </li></ol><h1>六、奖项设置</h1><ol><li> 一等奖2人：颁发证书并奖励奖金200元/人 </li><li>二等奖4人：颁发证书并奖励奖金100元/人</li><li> 三等奖6人：颁发证书并奖励奖金50元/人</li><li>优秀奖若干名：颁发证书</li><li>优秀指导教师 2 名：颁发证书并发放奖</li></ol>', 9, '2022-11-22 18:44:10', '2022-11-22 18:44:29');
INSERT INTO `news` VALUES (71, NULL, '商丘工学院大学生“创新杯”学科竞赛系列活动', '2022-11-22', 4, '<p class=\"ql-indent-1\">1.无人机结构设计竞赛 </p><p class=\"ql-indent-1\">2.应急救援机械创新设计大赛 商 丘 工 学 院 商工行〔2022〕296 号 </p><p class=\"ql-indent-1\">3.金相技能大赛 </p><p class=\"ql-indent-1\">4.“西门子杯”智能制造挑战赛 </p><p class=\"ql-indent-1\">5.智能产品设计大赛 </p><p class=\"ql-indent-1\">6.数字化设计与精密制造大赛 </p><p class=\"ql-indent-1\">7.未来汽车人机交互应用大赛 </p><p class=\"ql-indent-1\">8.大学生“幸福生活-今天和明天”校园机械结构设计大赛 </p><p class=\"ql-indent-1\">9.机器人机械结构创新设计及制造大赛 </p><p class=\"ql-indent-1\">10.游戏开发电子设计大赛 </p><p class=\"ql-indent-1\">11.电子线路 CAD 大赛 </p><p class=\"ql-indent-1\">12.“疫散花开，筑梦向前”插花花艺大赛 </p><p class=\"ql-indent-1\">13.工程造价技能大赛 </p><p class=\"ql-indent-1\">14.创意设计花样砌筑大赛 </p><p class=\"ql-indent-1\">15.大学生建筑结构模型方案创意设计与制作竞赛 </p><p class=\"ql-indent-1\">16.地质技能大赛 17.建造模型挡土墙大赛 </p><p class=\"ql-indent-1\">18.建筑节能与减排创意方案设计大赛 </p><p class=\"ql-indent-1\">19.山区公路路线方案评价及优化分析大赛 </p><p class=\"ql-indent-1\">20.无人机倾斜摄影测量三维建模及制图</p><p class=\"ql-indent-1\">21.周培源大学生力学竞赛 </p><p class=\"ql-indent-1\">22.ACM 程序设计大赛 </p><p class=\"ql-indent-1\">23.移动通信 5G 技术竞赛 </p><p class=\"ql-indent-1\">24.Web 开发设计大赛 </p><p class=\"ql-indent-1\">25.营销信息系统分析与设计大赛 </p><p class=\"ql-indent-1\">26.基于单片机的应用创新设计大赛 </p><p class=\"ql-indent-1\">27.电机控制系统仿真设计大赛 </p><p class=\"ql-indent-1\">28.大数据采集挑战赛 </p><p class=\"ql-indent-1\">29.PLC 综合应用设计大赛 </p><p class=\"ql-indent-1\">30.算法与程序设计竞赛 </p><p class=\"ql-indent-1\">31.企业流程改善的数字化建模分析大赛 </p><p class=\"ql-indent-1\">32.大数据财务分析 </p><p class=\"ql-indent-1\">33.大学生创业投融资素养大赛 </p><p class=\"ql-indent-1\">34.统计建模大赛 </p><p class=\"ql-indent-1\">35.电子商务“创新、创意及创业”大赛 </p><p class=\"ql-indent-1\">36.大学生金融产品创意设计大赛 </p><p class=\"ql-indent-1\">37.大学生金融精英挑战赛 </p><p class=\"ql-indent-1\">38.供应链运营管理创新大赛 </p><p class=\"ql-indent-1\">39.智慧物流规划设计大赛 </p><p class=\"ql-indent-1\">40.大学生创业综合模拟大赛 </p><p class=\"ql-indent-1\">41.风景园林设计大赛 </p><p class=\"ql-indent-1\">42.“创意之星”河南文化创意设计大赛 </p><p class=\"ql-indent-1\">43.“礼遇河南”大学生工业设计大赛 </p><p class=\"ql-indent-1\">44.“学习筑梦”大学生微课视频制作大赛 </p><p class=\"ql-indent-1\">45.“匠心巧手，玩教一体”自制教（玩）具比赛 </p><p class=\"ql-indent-1\">46.书香溢校园，诗韵润初心—大学生诗词竞答大赛 </p><p class=\"ql-indent-1\">47.“蔚蓝地球家园、绿色生态中国”原创绘本设计竞赛 </p><p class=\"ql-indent-1\">48.“生命至上，终结艾滋”知识竞赛 </p><p class=\"ql-indent-1\">49.产科临床技能操作大赛 </p><p class=\"ql-indent-1\">50.无菌技术操作大赛 </p><p class=\"ql-indent-1\">51.穿脱无菌手术衣与无菌手套操作比赛 52.骨折的急救处理技能大赛 </p><p class=\"ql-indent-1\">53.海姆立克急救法技能操作 </p><p class=\"ql-indent-1\">54.英语演讲比赛 </p><p class=\"ql-indent-1\">55.“讲好河南故事”英语竞赛 </p><p class=\"ql-indent-1\">56.高等数学竞赛 </p><p class=\"ql-indent-1\">57.大学物理（力学）竞赛 </p><p class=\"ql-indent-1\">58.“挑战杯”中国大学生创业计划大赛 </p><p><br></p>', 10, '2022-11-22 18:46:15', '2022-11-23 19:07:54');

-- ----------------------------
-- Table structure for news_category
-- ----------------------------
DROP TABLE IF EXISTS `news_category`;
CREATE TABLE `news_category`  (
  `id` int(10) UNSIGNED NOT NULL AUTO_INCREMENT COMMENT '自增主键',
  `name` varchar(10) CHARACTER SET utf8 COLLATE utf8_general_ci NOT NULL COMMENT '新闻类别名称',
  `news_type_id` int(10) UNSIGNED NOT NULL COMMENT '新闻类型id',
  `display_content` int(10) UNSIGNED NOT NULL DEFAULT 0 COMMENT '展示内容',
  `create_time` datetime NOT NULL DEFAULT CURRENT_TIMESTAMP COMMENT '创建时间',
  `update_time` datetime NOT NULL DEFAULT CURRENT_TIMESTAMP ON UPDATE CURRENT_TIMESTAMP COMMENT '修改时间',
  PRIMARY KEY (`id`) USING BTREE,
  INDEX `idx_name`(`id`, `name`, `news_type_id`) USING BTREE
) ENGINE = InnoDB AUTO_INCREMENT = 17 CHARACTER SET = utf8 COLLATE = utf8_general_ci ROW_FORMAT = Dynamic;

-- ----------------------------
-- Records of news_category
-- ----------------------------
INSERT INTO `news_category` VALUES (1, '简介', 2, 1, '2022-11-20 11:42:04', '2022-11-20 10:15:51');
INSERT INTO `news_category` VALUES (2, '章程', 2, 1, '2022-11-20 11:42:04', '2022-11-20 10:15:53');
INSERT INTO `news_category` VALUES (3, '专业介绍', 2, 1, '2022-11-20 11:42:04', '2022-11-21 15:54:39');
INSERT INTO `news_category` VALUES (4, '学院领导', 2, 1, '2022-11-20 11:42:04', '2022-11-21 15:53:42');
INSERT INTO `news_category` VALUES (5, '学院荣誉', 2, 1, '2022-11-20 11:42:04', '2022-11-21 15:53:34');
INSERT INTO `news_category` VALUES (6, '学院风纪', 3, 0, '2022-11-20 11:42:04', '2022-11-21 15:56:37');
INSERT INTO `news_category` VALUES (7, '学习建设', 3, 0, '2022-11-20 11:42:04', '2022-11-21 15:56:50');
INSERT INTO `news_category` VALUES (8, '考风考纪', 3, 0, '2022-11-20 11:42:04', '2022-11-21 15:57:48');
INSERT INTO `news_category` VALUES (9, '竞赛项目一览', 5, 0, '2022-11-20 11:42:04', '2022-11-21 15:58:51');
INSERT INTO `news_category` VALUES (10, '往期竞赛项目', 5, 0, '2022-11-20 11:42:04', '2022-11-21 15:59:31');
INSERT INTO `news_category` VALUES (11, '书院简介', 7, 0, '2022-11-20 11:42:04', '2022-11-21 16:00:13');
INSERT INTO `news_category` VALUES (12, '归德讲堂', 7, 0, '2022-11-20 11:42:04', '2022-11-21 16:00:27');
INSERT INTO `news_category` VALUES (13, '通知公告', 1, 0, '2022-11-20 11:42:04', '2022-11-20 10:16:38');
INSERT INTO `news_category` VALUES (14, '工作动态', 1, 0, '2022-11-20 11:42:04', '2022-11-20 11:42:04');
INSERT INTO `news_category` VALUES (15, '学院动态', 1, 0, '2022-11-20 11:42:04', '2022-11-20 10:16:19');
INSERT INTO `news_category` VALUES (16, '轮播图', 1, 0, '2022-11-20 11:42:04', '2022-11-20 10:16:17');

-- ----------------------------
-- Table structure for news_type
-- ----------------------------
DROP TABLE IF EXISTS `news_type`;
CREATE TABLE `news_type`  (
  `id` int(10) UNSIGNED NOT NULL AUTO_INCREMENT COMMENT '自增主键',
  `name` varchar(10) CHARACTER SET utf8 COLLATE utf8_general_ci NOT NULL COMMENT '新闻类型名称',
  `create_time` datetime NOT NULL DEFAULT CURRENT_TIMESTAMP COMMENT '创建时间',
  `update_time` datetime NOT NULL DEFAULT CURRENT_TIMESTAMP ON UPDATE CURRENT_TIMESTAMP COMMENT '修改时间',
  PRIMARY KEY (`id`) USING BTREE,
  UNIQUE INDEX `uk_name`(`name`) USING BTREE
) ENGINE = InnoDB AUTO_INCREMENT = 10 CHARACTER SET = utf8 COLLATE = utf8_general_ci ROW_FORMAT = Dynamic;

-- ----------------------------
-- Records of news_type
-- ----------------------------
INSERT INTO `news_type` VALUES (1, '首页', '2022-11-19 10:08:56', '2022-11-19 10:08:56');
INSERT INTO `news_type` VALUES (2, '走进信电', '2022-11-19 10:08:56', '2022-11-21 12:43:30');
INSERT INTO `news_type` VALUES (3, '学风建设', '2022-11-19 10:08:56', '2022-11-21 12:43:43');
INSERT INTO `news_type` VALUES (4, '信电之星', '2022-11-19 10:08:56', '2022-11-21 12:43:52');
INSERT INTO `news_type` VALUES (5, '学科竞赛', '2022-11-19 10:08:56', '2022-11-21 12:45:09');
INSERT INTO `news_type` VALUES (6, '党史学习', '2022-11-19 10:08:56', '2022-11-21 12:44:10');
INSERT INTO `news_type` VALUES (7, '归德书院', '2022-11-19 10:08:56', '2022-11-21 12:44:17');
INSERT INTO `news_type` VALUES (8, '学校首页', '2022-11-19 10:08:56', '2022-11-20 10:12:28');
INSERT INTO `news_type` VALUES (9, '联系我们', '2022-11-19 10:08:56', '2022-11-20 10:12:30');

-- ----------------------------
-- Table structure for xdstar
-- ----------------------------
DROP TABLE IF EXISTS `xdstar`;
CREATE TABLE `xdstar`  (
  `id` int(11) NOT NULL COMMENT '主键编号',
  `xueno` int(11) NOT NULL COMMENT '学号',
  `name` varchar(20) CHARACTER SET utf8mb4 COLLATE utf8mb4_general_ci NOT NULL COMMENT '姓名',
  `starname` varchar(20) CHARACTER SET utf8mb4 COLLATE utf8mb4_general_ci NOT NULL COMMENT '星名字',
  `example` text CHARACTER SET utf8mb4 COLLATE utf8mb4_general_ci NOT NULL COMMENT '事例',
  `create_time` datetime NOT NULL COMMENT '创建时间',
  `update_time` datetime NOT NULL ON UPDATE CURRENT_TIMESTAMP COMMENT '修改时间',
  PRIMARY KEY (`id`) USING BTREE
) ENGINE = InnoDB CHARACTER SET = utf8mb4 COLLATE = utf8mb4_general_ci COMMENT = '`xdstar`' ROW_FORMAT = DYNAMIC;

-- ----------------------------
-- Records of xdstar
-- ----------------------------
INSERT INTO `xdstar` VALUES (1, 101011, '任越泽', '劳动之星', '劳动之星 | 青春正当时 劳动最光荣（二十八）', '2022-05-06 00:00:00', '2022-11-24 19:03:27');
INSERT INTO `xdstar` VALUES (2, 10102, '姚嘉懿', '劳动之星', '劳动之星 | 青春正当时 劳动最光荣（二十七）', '2022-05-06 00:00:00', '2022-11-24 19:03:17');
INSERT INTO `xdstar` VALUES (3, 10103, '李欣然', '劳动之星', '劳动之星 | 青春正当时 劳动最光荣（二十六）', '2022-05-06 00:00:00', '2022-11-24 19:03:04');
INSERT INTO `xdstar` VALUES (4, 10104, '万涛', '劳动之星', '劳动之星 | 青春正当时 劳动最光荣（二十五）', '2022-05-06 00:00:00', '2022-11-24 19:04:06');
INSERT INTO `xdstar` VALUES (5, 10105, '谢博超', '劳动之星', '劳动之星 | 青春正当时 劳动最光荣（二十四）', '2022-05-06 00:00:00', '2022-11-24 19:03:58');
INSERT INTO `xdstar` VALUES (6, 10106, '薛鑫磊', '劳动之星', '	\n劳动之星 | 青春正当时 劳动最光荣（二十三）', '2022-05-06 00:00:00', '2022-11-24 19:57:14');
INSERT INTO `xdstar` VALUES (7, 10107, '龙熠彤', '劳动之星', '	\n劳动之星 | 青春正当时 劳动最光荣（二十二）', '2022-05-06 00:00:00', '2022-11-24 19:57:26');
INSERT INTO `xdstar` VALUES (8, 10108, '黎涛', '劳动之星', '	\n劳动之星 | 青春正当时 劳动最光荣（二十二）', '2022-05-06 00:00:00', '2022-11-24 19:57:37');

SET FOREIGN_KEY_CHECKS = 1;
